FrameNumber,Source_X_mm,Source_Y_mm,Source_Z_mm,Transformed_X_mm,Transformed_Y_mm,Transformed_Z_mm,Target_X_mm,Target_Y_mm,Target_Z_mm,Error_mm
0,87.695510,527.653600,-390.146500,99.087360,528.663800,-392.477400,104.410800,537.333700,-391.988300,10.185560000
1,87.978520,527.630200,-390.257000,99.369100,528.623400,-392.586300,104.583200,537.258000,-392.029700,10.102090000
2,87.855100,527.562000,-390.125800,99.242260,528.565200,-392.453600,104.839900,537.286100,-392.174700,10.366630000
3,87.896090,527.664300,-390.119600,99.288170,528.665400,-392.450200,104.905900,537.295700,-392.160800,10.301600000
4,87.866040,527.600700,-390.007800,99.254850,528.606700,-392.336700,104.938000,537.166300,-392.173000,10.275690000
5,88.079830,527.511000,-389.830800,99.463710,528.512000,-392.156500,105.060000,537.214700,-392.160900,10.346740000
6,87.801760,527.552400,-389.470200,99.187330,528.577500,-391.798100,105.227000,537.254100,-392.045500,10.574640000
7,87.618740,527.970000,-390.031700,99.025890,528.986800,-392.372200,104.971000,537.209500,-392.036300,10.152370000
8,87.743140,527.610200,-389.060300,99.130870,528.650000,-391.390300,105.029600,537.243200,-391.930400,10.436870000
9,87.952830,527.728300,-388.732400,99.345470,528.767300,-391.065300,105.044700,537.114200,-391.780400,10.132230000
10,87.660670,527.556600,-388.425100,99.044740,528.619200,-390.754100,105.216900,537.298100,-392.675700,10.821770000
11,87.477260,527.575500,-387.539800,98.860890,528.673000,-389.870300,104.654700,536.351000,-393.421400,10.253280000
12,87.367080,527.527600,-386.513800,98.746650,528.660600,-388.843700,104.630500,536.778300,-393.202600,10.932360000
13,87.043690,527.543900,-385.209900,98.422100,528.731100,-387.541900,104.539100,537.025300,-394.283700,12.315200000
14,87.090130,527.460600,-384.320500,98.462830,528.671800,-386.650200,103.897100,536.593300,-395.407400,12.998800000
15,86.642560,527.406300,-383.735700,98.012080,528.656500,-386.065600,103.707500,536.919400,-396.151800,14.228370000
16,86.626910,527.424100,-383.475800,97.996860,528.682700,-385.806400,103.875600,537.104700,-396.231800,14.634810000
17,86.646610,527.434700,-382.818900,98.015880,528.711600,-385.150000,103.588400,537.043900,-396.259900,14.963670000
18,86.355780,527.492500,-381.823500,97.726420,528.812700,-384.157700,103.284000,536.789400,-396.418800,15.647650000
19,86.217190,527.442400,-380.739800,97.583610,528.801300,-383.073400,103.059300,536.597400,-395.761700,15.866800000
20,86.176670,527.353800,-379.643500,97.536840,528.747000,-381.975100,102.976300,536.450600,-395.297300,16.322160000
21,85.871800,527.383500,-378.360900,97.231470,528.829200,-380.694900,102.874400,536.825600,-395.103800,17.418390000
22,85.541140,527.397800,-377.028400,96.899510,528.898800,-379.364500,102.827800,536.769500,-395.182000,18.635630000
23,85.393590,527.352300,-375.651300,96.747440,528.901000,-377.987100,102.751100,536.673600,-394.149300,18.912300000
24,85.130440,527.299900,-374.278800,96.479580,528.901800,-376.614600,102.477500,536.640300,-393.602800,19.607640000
25,84.790770,527.182600,-372.939500,96.132210,528.840600,-375.273500,102.180800,536.618800,-393.037400,20.313600000
26,84.604700,527.204900,-371.549700,95.944940,528.912800,-373.885600,102.009300,536.549000,-392.792600,21.273490000
27,84.330630,527.232800,-370.177500,95.670100,528.994300,-372.515600,102.335200,536.636400,-392.622100,22.518750000
28,84.056820,527.148800,-368.805600,95.390060,528.964100,-371.142800,102.135700,536.505900,-392.423500,23.563780000
29,83.727930,527.104400,-367.468100,95.056980,528.975100,-369.805600,102.245100,536.697800,-391.705700,24.308900000
30,83.477150,526.882900,-366.126500,94.793290,528.805500,-368.458900,102.034000,536.795100,-391.790400,25.702530000
31,83.211910,526.992200,-364.772100,94.531270,528.967500,-367.109100,101.974500,536.691200,-391.172100,26.345500000
32,82.886440,526.902500,-363.415400,94.199370,528.933500,-365.751500,101.776300,536.598400,-390.476500,26.971910000
33,82.632770,526.871900,-362.036200,93.942030,528.955900,-364.372800,101.701300,536.614000,-389.516000,27.405000000
34,82.273260,526.967300,-360.689000,93.585180,529.108200,-363.030100,101.416400,536.500100,-388.420900,27.580060000
35,81.930610,526.871600,-359.370600,93.235910,529.068200,-361.710600,101.064600,536.597100,-387.292700,27.792370000
36,81.669920,526.773800,-357.995500,92.968290,529.023600,-360.334100,100.653500,536.397600,-385.898500,27.694360000
37,81.443030,526.701500,-356.614600,92.735670,529.003100,-358.952300,100.589600,536.439900,-384.429600,27.678200000
38,81.232670,526.686700,-355.227600,92.522350,529.039300,-357.566200,100.621300,536.307900,-383.102500,27.758360000
39,80.997090,526.716600,-353.846600,92.286020,529.121200,-356.187400,100.275300,536.328900,-381.665300,27.656820000
40,80.569680,526.656700,-352.516800,91.853810,529.121300,-354.857800,99.914490,536.251100,-380.123400,27.461890000
41,80.275620,526.647500,-351.144800,91.557180,529.166700,-353.487200,99.698720,536.217800,-378.642500,27.364130000
42,79.858820,526.509200,-349.819300,91.131750,529.087900,-352.159500,99.503890,536.136200,-377.053400,27.193300000
43,79.500990,526.420500,-348.465600,90.767590,529.056500,-350.804900,99.004060,536.100600,-375.551000,27.015250000
44,79.154800,526.275500,-347.131800,90.412350,528.967800,-349.468600,98.707630,535.918300,-373.977600,26.792030000
45,78.821740,526.381300,-345.780200,90.082430,529.129500,-348.121700,98.238400,536.066600,-372.500300,26.626230000
46,78.628200,526.376200,-344.394300,89.886380,529.174400,-346.736900,98.008000,536.195100,-370.888200,26.429740000
47,78.244910,526.372900,-343.045700,89.500950,529.229400,-345.390100,97.510220,535.995100,-369.338200,26.142560000
48,77.897330,526.376000,-341.689400,89.151510,529.289400,-344.035600,97.153960,535.912200,-367.764300,25.902780000
49,77.572020,526.298100,-340.333900,88.820340,529.267300,-342.679400,96.938010,535.833200,-366.113200,25.654460000
50,77.298710,526.116500,-338.971700,88.536070,529.139200,-341.313400,96.475060,535.921900,-364.531600,25.458120000
51,76.992730,526.081400,-337.603600,88.226270,529.159300,-339.945800,95.939790,535.785200,-362.990000,25.188010000
52,76.647370,526.015900,-336.245900,87.875700,529.150600,-338.587900,95.645670,535.600500,-361.346300,24.898130000
53,76.223960,526.159200,-334.919100,87.457400,529.353300,-337.267200,95.313650,535.648800,-359.709000,24.596490000
54,75.877170,526.040200,-333.678500,87.102990,529.287900,-336.024800,95.058100,535.539400,-358.051100,24.238820000
55,75.251660,525.969400,-332.450500,86.472570,529.283800,-334.797300,94.457460,535.567900,-356.548100,24.007180000
56,75.037260,525.873000,-331.066900,86.251240,529.238600,-333.412200,94.284210,535.496300,-354.878000,23.758520000
57,74.685170,525.799300,-329.711000,85.893530,529.221900,-332.055800,94.179630,535.574700,-353.201000,23.582500000
58,74.313550,525.775800,-328.360300,85.518780,529.256300,-330.706200,93.642340,535.172400,-352.456300,23.959490000
59,73.850940,525.831500,-327.036600,85.057070,529.373400,-329.386200,93.076640,534.728900,-351.907000,24.498570000
60,73.546970,525.805600,-325.668700,84.749730,529.402500,-328.019100,92.801170,534.857400,-350.259900,24.274120000
61,73.092830,525.786400,-324.340400,84.292820,529.444500,-326.692300,92.554320,534.912500,-348.651400,24.090550000
62,72.600300,525.929700,-323.037300,83.805520,529.649800,-325.395600,92.258980,535.090600,-347.064400,23.887240000
63,72.142250,525.838100,-321.713400,83.341160,529.619600,-324.071000,91.838440,535.721800,-345.572100,23.911040000
64,71.776890,525.697300,-320.372100,82.966960,529.536200,-322.727400,91.430530,535.870800,-344.002100,23.756520000
65,71.473840,525.664100,-319.030300,82.660250,529.557300,-321.386200,90.779430,535.859800,-342.473600,23.458940000
66,70.997340,525.710600,-317.712700,82.184210,529.665600,-320.072100,90.149780,535.578200,-341.049200,23.204520000
67,70.412160,525.582400,-316.446300,81.591190,529.603300,-318.804400,89.858020,535.680400,-339.403900,23.013270000
68,69.996770,525.535300,-315.106100,81.171600,529.615900,-317.464700,89.523690,535.551900,-337.768800,22.743120000
69,69.640370,525.439800,-313.751900,80.808550,529.577800,-316.109400,89.301680,535.581700,-336.105000,22.538930000
70,69.140240,525.506100,-312.447200,80.309890,529.706600,-314.808900,88.905590,535.361300,-334.488700,22.207150000
71,68.562060,525.584000,-311.173100,79.733920,529.850000,-313.539500,88.576800,535.501200,-332.843900,21.972580000
72,68.153580,525.448600,-309.839300,79.316930,529.773900,-312.203600,87.898880,535.326400,-331.470900,21.810750000
73,67.649280,525.330700,-308.537400,78.805140,529.719000,-310.900500,87.242360,535.503400,-329.983500,21.652000000
74,67.349400,525.237000,-307.173400,78.498600,529.680100,-309.535200,86.645000,535.481900,-328.430100,21.378470000
75,66.910320,525.262800,-305.841600,78.058910,529.766400,-308.206200,86.172340,535.199300,-326.852300,21.048070000
76,66.439410,525.143100,-304.528000,77.580360,529.708400,-306.891100,85.919830,535.117400,-325.202100,20.834980000
77,65.971380,525.030800,-303.214300,77.105050,529.657700,-305.576200,85.695860,535.030400,-323.541300,20.625500000
78,65.306470,525.037700,-301.994100,76.439060,529.732800,-304.358900,84.892020,535.643400,-322.235400,20.638630000
79,64.815900,524.961400,-300.683100,75.943010,529.719100,-303.047900,84.532570,535.258900,-320.636500,20.342810000
80,64.315270,524.912900,-299.372800,75.438260,529.733500,-301.738300,84.171230,535.050500,-319.061100,20.114960000
81,64.046690,524.814100,-298.004700,75.162730,529.688200,-300.368800,83.725560,534.977800,-317.568400,19.928110000
82,63.778810,524.936800,-296.640800,74.898700,529.863800,-299.010000,82.772880,535.058900,-316.235100,19.639190000
83,63.451450,525.004300,-295.304900,74.572620,529.986300,-297.677600,82.095100,534.626500,-314.759300,19.232820000
84,62.752940,525.067100,-294.099800,73.875840,530.118500,-296.477200,81.753020,534.989000,-313.168100,19.088140000
85,62.208240,524.977300,-292.818500,73.325100,530.093000,-295.195600,81.258670,534.821300,-311.569300,18.798870000
86,61.783060,524.709700,-291.532600,72.885070,529.884300,-293.903700,81.031950,534.825400,-309.901400,18.620190000
87,61.151150,524.775600,-290.293700,72.254910,530.017300,-292.669300,80.210210,534.641100,-308.583600,18.382850000
88,60.778130,524.836500,-288.950800,71.882890,530.135700,-291.330000,79.729240,534.563800,-306.984100,18.061690000
89,60.425630,524.751900,-287.600000,71.524250,530.108100,-289.978500,79.072690,534.685400,-305.441900,17.805820000
90,59.956740,524.628700,-286.282500,71.047550,530.046600,-288.659400,78.497510,534.735200,-303.865900,17.570500000
91,59.406070,524.686600,-285.005200,70.498060,530.168800,-287.386100,78.202150,534.472800,-302.246200,17.282850000
92,58.791820,524.889100,-283.759200,69.892180,530.437500,-286.148600,77.605820,534.442800,-300.724000,16.970130000
93,58.069320,524.805500,-282.621900,69.164430,530.422600,-285.011700,76.904990,534.292100,-299.202600,16.621340000
94,57.592670,524.517400,-281.585700,68.672430,530.188700,-283.969100,76.418070,534.224300,-297.599900,16.188940000
95,57.030300,524.492300,-280.351600,68.107290,530.227200,-282.736600,75.477250,534.129300,-296.234200,15.865920000
96,56.352880,524.314400,-279.159200,67.419860,530.117600,-281.541700,74.834770,534.093500,-294.704900,15.622340000
97,55.818260,524.339800,-277.886700,66.884830,530.206400,-280.272200,74.225760,534.119000,-293.136900,15.319890000
98,55.286500,524.321700,-276.604200,66.350510,530.251900,-278.991400,73.806900,534.121500,-291.512900,15.078450000
99,54.857430,524.375900,-275.268500,65.922200,530.366300,-277.659300,73.043250,534.013700,-290.072100,14.767980000
100,54.455570,524.142900,-273.948300,65.507100,530.191900,-276.334100,72.548550,533.913300,-288.501700,14.542380000
101,53.963940,524.293000,-272.657900,65.021040,530.403700,-275.050300,72.045000,533.744800,-286.905100,14.178690000
102,53.482080,523.964600,-271.653900,64.521950,530.128700,-274.038600,71.160840,533.746600,-285.698000,13.896250000
103,52.741440,524.020500,-270.475900,63.782790,530.255200,-272.865200,70.266410,533.831200,-284.298300,13.621340000
104,52.171390,523.857500,-269.205700,63.203190,530.157600,-271.592600,69.825680,533.840900,-282.678400,13.428300000
105,51.644440,523.751900,-267.941600,62.669450,530.114900,-270.327600,69.349250,533.740200,-281.068900,13.158170000
106,51.406470,523.842000,-266.572900,62.433700,530.256800,-268.963000,68.748150,533.818700,-279.507200,12.796060000
107,50.913090,524.025800,-265.308300,61.947600,530.501400,-267.705900,68.157520,533.808800,-277.979000,12.451510000
108,50.339640,524.114100,-264.036600,61.376850,530.654900,-266.439200,67.467370,533.870400,-276.480900,12.176620000
109,49.798200,524.056900,-262.744900,60.830940,530.662000,-265.148100,66.720810,533.626600,-275.103900,11.941420000
110,49.132460,524.191200,-261.527000,60.170350,530.864300,-263.936800,66.093420,533.812200,-273.598400,11.709840000
111,48.513930,523.963800,-260.490100,59.539610,530.697900,-262.895700,65.607410,533.385600,-272.148600,11.386740000
112,48.011520,523.913400,-259.194400,59.033010,530.710100,-261.600700,65.063420,533.862700,-270.690600,11.354740000
113,47.522800,523.698500,-257.899300,58.532080,530.557500,-260.301400,63.894770,533.837100,-269.534200,11.169510000
114,46.925730,523.564300,-256.654400,57.926930,530.489100,-259.055100,63.408470,533.667300,-267.942200,10.914630000
115,46.238880,523.558800,-255.433100,57.238440,530.552900,-257.836300,63.091750,533.790800,-266.302200,10.789650000
116,45.664610,523.506500,-254.156500,56.660010,530.566200,-256.560700,62.237030,533.691000,-264.979900,10.571300000
117,45.141850,523.527100,-252.854400,56.136540,530.650500,-255.261400,61.784480,533.473400,-263.418200,10.315160000
118,44.601780,523.469000,-251.561600,55.591960,530.656700,-253.969300,60.883660,533.193800,-262.041900,9.980303000
119,44.021240,523.382900,-250.292000,55.005630,530.636400,-252.699500,60.333090,533.196000,-260.561600,9.835932000
120,43.257100,523.582400,-249.132800,54.250050,530.906800,-251.549100,59.547750,533.684200,-259.260600,9.759400000
121,42.561930,523.582300,-247.926600,53.553530,530.976100,-250.345600,58.760250,533.666500,-257.806800,9.487768000
122,41.991990,523.520800,-246.648800,52.978980,530.979900,-249.068500,58.002500,533.488000,-256.329300,9.178619000
123,41.253560,523.529500,-245.457200,52.239710,531.059600,-247.880000,57.444340,533.410600,-254.785400,8.961033000
124,40.555690,523.545200,-244.241700,51.541250,531.144900,-246.667800,56.614430,533.112700,-253.397300,8.654248000
125,39.924580,523.461300,-242.990500,50.904550,531.128700,-245.416700,55.701230,533.035200,-252.073700,8.423752000
126,39.257750,523.338100,-241.772600,50.230320,531.074000,-244.197800,54.843700,533.138500,-250.651400,8.197179000
127,38.557440,523.296900,-240.590400,49.526710,531.101700,-243.017200,54.102210,533.115700,-249.141400,7.905490000
128,37.878670,523.218900,-239.373200,48.842770,531.092500,-241.800500,53.532150,533.263500,-247.613000,7.777463000
129,37.171940,523.401900,-238.210500,48.143710,531.343900,-240.645900,52.682720,533.128800,-246.204500,7.395084000
130,36.612600,523.153400,-236.954800,47.570660,531.159900,-239.385300,52.040890,532.854400,-244.676700,7.131142000
131,35.947830,523.141200,-235.734000,46.903900,531.216000,-238.166800,51.131550,533.001500,-243.286400,6.875381000
132,35.389890,523.122100,-234.453300,46.343390,531.261700,-236.887900,50.285750,532.922100,-241.850400,6.551741000
133,34.709570,523.104700,-233.234500,45.660840,531.313200,-235.671200,49.644260,532.710900,-240.310100,6.272180000
134,34.007650,523.121500,-232.025800,44.958400,531.399700,-234.465900,48.627800,532.799900,-239.194600,6.146997000
135,33.311840,523.074900,-230.865900,44.259060,531.421100,-233.307400,47.908490,532.702000,-237.715800,5.864563000
136,32.513850,522.920600,-229.799900,43.452590,531.337300,-232.239900,46.972790,532.990500,-236.368100,5.671609000
137,31.966590,522.772300,-228.522600,42.896460,531.253400,-230.960600,46.253560,533.284600,-234.883500,5.548434000
138,31.361210,522.746800,-227.274100,42.288300,531.294100,-229.713800,45.464940,533.146200,-233.426600,5.225513000
139,30.762130,522.619900,-226.020600,41.681500,531.233400,-228.459100,44.490220,532.964600,-232.131900,4.937163000
140,30.211990,522.572600,-224.738100,41.127410,531.250700,-227.177500,43.736320,532.947000,-230.664800,4.673821000
141,29.451120,522.721400,-223.581200,40.372620,531.470200,-226.028000,43.014270,532.698600,-229.265300,4.355183000
142,29.025400,522.671000,-222.244400,39.942550,531.480000,-224.691600,42.295930,532.337600,-227.910500,4.078629000
143,28.311230,522.660900,-221.092400,39.226670,531.538500,-223.542100,41.154850,532.591900,-226.842100,3.964556000
144,27.420090,522.773400,-220.024800,38.340160,531.725600,-222.481200,40.860100,532.094500,-225.312900,3.808560000
145,26.824480,522.486800,-218.786400,37.729060,531.504800,-221.236800,40.021300,532.449000,-224.136700,3.815173000
146,26.420000,522.709800,-218.968800,37.336260,531.741800,-221.427000,39.458560,532.053200,-222.832400,2.564471000
147,25.835240,522.697600,-217.715700,36.749350,531.794900,-220.175900,38.678920,532.578700,-221.540100,2.489700000
148,25.315690,522.953100,-216.436800,36.240580,532.112900,-218.906700,37.550210,532.602900,-220.411100,2.053880000
149,24.560800,522.498700,-215.389300,35.462550,531.726800,-217.848800,36.606180,532.864500,-219.099300,2.041062000
150,23.823550,522.408000,-214.206900,34.719630,531.706800,-216.666700,35.799460,532.563700,-217.679300,1.710442000
151,23.189780,522.322600,-212.965800,34.080230,531.688900,-215.425700,35.156600,532.366900,-216.254200,1.518134000
152,22.462330,522.351500,-211.768600,33.352890,531.788300,-214.232200,34.251950,532.452100,-214.864400,1.283993000
153,21.748560,522.444000,-210.574200,32.642340,531.950500,-213.043300,33.622470,532.326300,-213.333700,1.089144000
154,21.039320,522.327700,-209.371600,31.926120,531.904400,-211.840100,32.679360,532.353100,-211.949900,0.883640300
155,20.263860,522.288900,-208.207500,31.147590,531.937500,-210.677900,31.958750,532.227000,-210.460300,0.888330200
156,19.364820,522.271200,-207.135300,30.246840,531.995100,-209.608600,30.927120,532.287700,-209.274900,0.812216200
157,18.625070,522.150200,-205.949600,29.499940,531.945200,-208.422200,29.891500,532.124900,-207.961800,0.630532300
158,17.819510,522.123000,-204.800900,28.691950,531.991000,-207.275800,28.877190,531.937900,-206.638100,0.666210100
159,16.983030,522.111500,-203.677500,27.853880,532.053300,-206.155300,28.000490,531.949600,-205.213200,0.958980000
160,16.169580,522.191900,-202.537500,27.043270,532.206600,-205.020700,27.316060,531.898600,-203.687600,1.395145000
161,15.536570,522.069100,-201.309300,26.402820,532.150900,-203.791500,26.430320,531.785500,-202.265800,1.569024000
162,14.862470,522.007800,-200.093300,25.724350,532.158300,-202.576400,25.274120,531.759000,-201.105600,1.589155000
163,14.063460,521.806200,-198.976600,24.914460,532.028800,-201.456800,24.401700,531.644500,-199.679000,1.889762000
164,13.459400,521.910000,-197.722300,24.313920,532.198700,-200.208100,23.531620,531.468600,-198.259000,2.223547000
165,12.584540,522.062700,-196.639300,23.445610,532.425500,-199.132900,22.381670,531.572300,-197.069000,2.473755000
166,11.792830,521.900600,-195.507300,22.644910,532.335400,-197.999200,21.619810,531.271400,-195.618200,2.802199000
167,11.012040,521.865500,-194.344100,21.861250,532.372600,-196.838000,20.743010,531.447300,-194.270200,2.949525000
168,10.134420,521.823900,-193.250400,20.980680,532.405900,-195.746400,19.726940,531.521700,-192.944200,3.194691000
169,9.337992,521.696000,-192.110800,20.176910,532.350500,-194.606000,18.786320,531.488700,-191.563600,3.454331000
170,8.640280,521.687600,-190.896200,19.477440,532.411800,-193.394000,18.587230,531.204400,-189.916500,3.787189000
171,7.844007,521.619800,-189.749600,18.676750,532.416500,-192.248400,17.653100,531.263800,-189.898700,2.810339000
172,6.960195,521.750600,-188.674100,17.798440,532.621800,-191.180100,16.730640,531.144100,-188.506700,3.235930000
173,6.097590,521.727800,-187.574300,16.933770,532.673400,-190.082900,15.711330,531.314800,-187.224000,3.393243000
174,5.408710,521.615400,-186.381500,16.238080,532.629600,-188.889600,14.861250,531.318100,-185.804000,3.624513000
175,4.678197,521.481100,-185.233500,15.499830,532.564900,-187.740400,13.685760,531.349300,-184.601600,3.823760000
176,4.016907,521.363600,-184.010800,14.831400,532.515700,-186.517100,12.902390,531.295100,-183.128000,4.086142000
177,3.083251,521.381600,-182.968700,13.897870,532.609800,-185.478900,11.789000,531.475800,-182.206300,4.054991000
178,2.198554,521.473700,-181.898100,13.016790,532.776300,-184.414400,10.706290,531.255900,-180.983200,4.407135000
179,1.449464,521.360300,-180.724700,12.260950,532.733900,-183.240500,9.730816,531.103100,-179.651800,4.684009000
180,0.723239,521.345200,-179.533900,11.532720,532.789200,-182.052100,8.928745,530.972200,-178.255100,4.949675000
181,-0.199559,521.280100,-178.488800,10.605970,532.800000,-181.008500,7.821293,531.014800,-177.000200,5.196941000
182,-1.061906,521.066500,-177.405000,9.732287,532.660500,-179.921800,7.064515,530.935200,-175.505400,5.440390000
183,-1.890834,521.022900,-176.279300,8.900200,532.690500,-178.797900,6.109462,530.838300,-174.126800,5.747880000
184,-2.745486,520.964300,-175.173100,8.041721,532.706100,-177.693300,5.023240,530.832200,-172.871700,5.989170000
185,-3.547113,520.881700,-174.024800,7.234956,532.696300,-176.545600,3.722183,531.003900,-171.880500,6.080066000
186,-4.285761,520.771900,-172.837500,6.489702,532.657500,-175.358100,2.870330,530.942300,-170.434800,6.346663000
187,-5.113540,520.672200,-171.712000,5.656028,532.631400,-174.232800,1.814249,530.887000,-169.131000,6.620409000
188,-6.072436,520.704600,-170.711000,4.698053,532.739800,-173.236200,0.798476,530.892300,-167.794500,6.944991000
189,-6.964304,520.685400,-169.631000,3.804374,532.795800,-172.159000,-0.200038,530.775100,-166.449700,7.260499000
190,-7.845719,520.651300,-168.549500,2.920400,532.836400,-171.079800,-1.431932,530.674400,-165.322900,7.533858000
191,-8.662741,520.681000,-167.415800,2.103765,532.939300,-169.950100,-2.535751,530.811300,-164.123000,7.746511000
192,-9.405040,520.747700,-166.232300,1.363472,533.076700,-168.771500,-3.599494,530.654200,-162.863800,8.087069000
193,-10.227840,520.671400,-165.097300,0.535892,533.074000,-167.637500,-4.623721,530.390100,-161.600500,8.382694000
194,-11.074840,520.712800,-164.026700,-0.309998,533.188000,-166.571200,-5.832722,530.720400,-160.850800,8.325379000
195,-12.187870,520.836400,-163.235400,-1.417104,533.388800,-165.787500,-6.224841,530.349300,-159.491000,8.485171000
196,-13.150480,520.775400,-162.216000,-2.383372,533.404700,-164.769900,-7.338662,530.742600,-158.311100,8.564925000
197,-13.872310,520.621200,-161.041400,-3.113974,533.320400,-163.593600,-8.343636,530.727500,-157.057600,8.763103000
198,-14.751780,520.535300,-159.969700,-3.998510,533.309000,-162.522700,-8.683556,530.378800,-155.450600,8.974961000
199,-15.650750,520.442600,-158.902200,-4.902842,533.291600,-161.455800,-9.460867,530.288200,-154.865900,8.557043000
200,-16.494960,520.322300,-157.787400,-5.753922,533.245300,-160.340700,-9.857956,530.511200,-155.240800,7.094203000
201,-17.459910,520.288000,-156.780200,-6.721202,533.287700,-159.336000,-10.622480,530.883800,-153.857100,7.142619000
202,-18.474640,520.397000,-155.837600,-7.731098,533.473600,-158.400300,-11.672680,530.746000,-152.565900,7.550831000
203,-19.215880,520.420800,-154.647100,-8.472439,533.568400,-157.213400,-12.485580,530.918500,-151.102100,7.776570000
204,-20.116460,520.350500,-153.592300,-9.377265,533.573100,-156.159900,-13.717340,530.219200,-150.390900,7.960344000
205,-21.077790,520.391900,-152.578700,-10.337250,533.691000,-155.151100,-15.038680,529.333400,-149.840500,8.324290000
206,-21.818900,520.413600,-151.389700,-11.078560,533.783800,-153.965700,-16.149660,528.601300,-149.279000,8.633599000
207,-22.673490,520.214500,-150.339300,-11.943730,533.657400,-152.912600,-14.946810,529.558900,-148.593900,6.668427000
208,-23.647820,520.072000,-149.443900,-12.925440,533.588900,-152.016600,-13.743960,530.516500,-147.908800,5.194569000
209,-24.601390,519.992600,-148.482700,-13.883480,533.584200,-151.056600,-12.541110,531.474300,-147.223600,4.576609000
210,-25.409420,520.094500,-147.370300,-14.687580,533.758000,-149.950200,-12.451030,531.877600,-145.838500,5.044169000
211,-26.402420,520.067000,-146.384800,-15.682510,533.807900,-148.967500,-13.076870,531.705400,-144.717900,5.410105000
212,-27.383390,520.082000,-145.387000,-16.663370,533.900000,-147.973800,-14.409850,530.679900,-144.787600,5.059546000
213,-28.261620,520.104700,-144.296300,-17.541420,533.997400,-146.887100,-15.742840,529.654400,-144.857300,5.120194000
214,-29.136300,520.134600,-143.208900,-18.415550,534.101900,-145.803800,-17.016730,528.813200,-144.538600,5.614929000
215,-30.038320,520.232500,-142.145900,-19.313630,534.274700,-144.747000,-18.164570,528.365200,-143.391800,6.170826000
216,-30.930940,520.058900,-141.565500,-20.214690,534.161900,-144.164700,-17.744540,529.330100,-142.326200,5.729546000
217,-31.756610,519.781100,-140.509900,-21.054820,533.955700,-143.104100,-17.117060,530.482100,-141.271300,5.561565000
218,-32.694020,519.756600,-139.484300,-21.994150,534.007100,-142.081200,-17.870850,530.371800,-139.915300,5.908323000
219,-33.617100,519.662800,-138.434800,-22.922590,533.989200,-141.032400,-17.816030,529.927700,-139.079200,6.810891000
220,-34.493870,519.465200,-137.360100,-23.809880,533.866100,-139.955300,-16.298580,529.199200,-139.081300,8.886172000
221,-35.366440,519.555300,-136.283700,-24.678950,534.030200,-138.884800,-16.240130,529.344800,-137.672300,9.728119000
222,-36.367150,519.722100,-135.376500,-25.671960,534.272200,-137.986100,-15.893690,530.731100,-136.782500,10.469110000
223,-37.327070,519.439100,-134.583200,-26.645970,534.059600,-137.187900,-15.791430,531.314000,-135.351300,11.346060000
224,-38.325580,519.392800,-133.604200,-27.647300,534.090800,-136.211200,-15.742950,531.470400,-133.678000,12.449790000
225,-39.291880,519.321700,-132.605100,-28.617710,534.096300,-135.213600,-16.812710,531.008200,-132.763700,12.445730000
226,-40.234000,519.164500,-131.599300,-29.568180,534.014700,-134.206600,-18.038920,530.270300,-131.948900,12.330520000
227,-41.316670,519.340200,-130.764600,-30.642500,534.267400,-133.381000,-18.227560,530.534000,-130.542100,13.271340000
228,-42.158130,519.341200,-129.649400,-31.484910,534.342000,-132.269000,-18.281280,531.124900,-129.077000,13.959750000
229,-43.050510,519.462200,-128.582100,-32.372240,534.537700,-131.208600,-19.656780,530.586800,-128.315100,13.625910000
230,-43.654010,519.085000,-128.146500,-32.994190,534.203300,-130.764100,-20.224210,530.563100,-127.088000,13.778140000
231,-44.628570,519.155300,-127.170200,-33.965930,534.349500,-129.793400,-20.950960,530.767200,-125.674300,14.113450000
232,-45.531270,519.144700,-126.120100,-34.869950,534.413800,-128.746300,-21.889130,530.643300,-124.321500,14.223140000
233,-46.461300,519.274900,-125.080000,-35.794400,534.619600,-127.713600,-22.938220,530.413600,-123.116300,14.286610000
234,-47.223070,519.080800,-124.369700,-36.566000,534.483800,-127.000300,-23.265760,531.047500,-121.591700,14.763400000
235,-47.975060,519.222300,-123.451700,-37.311840,534.688700,-126.089300,-24.348220,530.647900,-120.724200,14.600290000
236,-48.872710,519.033000,-122.793800,-38.218840,534.562700,-125.429000,-25.193550,530.552200,-119.426200,14.892150000
237,-49.893710,518.991300,-121.841400,-39.242360,534.598800,-124.479100,-25.117900,530.261800,-117.817000,16.207830000
238,-50.895080,519.051800,-120.872300,-40.241340,534.736300,-123.515400,-26.371720,530.118400,-116.961700,16.020060000
239,-51.861570,519.001000,-119.860700,-41.210970,534.762500,-122.505800,-27.277380,530.120000,-115.755500,16.163650000
240,-52.810830,518.965400,-118.827500,-42.162690,534.803500,-121.475100,-28.330440,530.173700,-114.533000,16.154240000
241,-53.834550,518.912600,-117.878700,-43.189470,534.828600,-120.528500,-29.730650,529.938000,-113.658400,15.882540000
242,-54.926350,518.903600,-117.111300,-44.281780,534.895200,-119.764700,-29.933770,530.450300,-112.292200,16.776790000
243,-55.990220,518.847500,-116.289200,-45.348600,534.915200,-118.944700,-31.205490,530.108100,-111.423000,16.724560000
244,-56.972500,518.868400,-115.296300,-46.330470,535.013000,-117.956100,-32.053970,530.162700,-110.009400,17.043890000
245,-57.964360,518.854800,-114.306600,-47.323590,535.076800,-116.969600,-32.954980,530.279800,-108.652500,17.281330000
246,-58.958290,518.796900,-113.327300,-48.320920,535.096300,-115.992200,-34.262200,529.983200,-107.635500,17.135500000
247,-60.052040,518.740500,-112.455000,-49.417690,535.118800,-115.122200,-35.605030,529.758400,-106.709500,17.038120000
248,-61.042420,518.792500,-111.475300,-50.406120,535.247700,-114.147700,-36.184670,530.051500,-105.580600,17.396730000
249,-62.004470,518.640400,-110.474000,-51.376230,535.172100,-113.145400,-37.246740,530.043600,-104.410400,17.385210000
250,-63.076290,518.531300,-109.624200,-52.453620,535.140300,-112.296200,-38.370300,530.145000,-103.257900,17.463860000
251,-64.055710,518.461500,-108.705400,-53.436940,535.145300,-111.379000,-39.585520,530.015300,-102.152000,17.416010000
252,-65.025670,518.275000,-107.743600,-54.416560,535.034600,-110.415200,-40.890150,529.917500,-101.141400,17.179970000
253,-66.036800,518.248400,-106.790900,-55.429500,535.085300,-109.465400,-42.009730,529.782200,-99.896260,17.314190000
254,-67.062000,518.323400,-105.872500,-56.451460,535.237100,-108.552900,-43.292340,529.778000,-98.841290,17.241800000
255,-68.018630,518.221100,-105.161600,-57.413220,535.202400,-107.842400,-44.873470,529.950900,-98.446660,16.525830000
256,-69.062720,518.234700,-104.371700,-58.456830,535.289900,-107.056700,-45.528910,529.875100,-97.207100,17.130860000
257,-69.984210,518.150300,-103.406400,-59.383060,535.279000,-106.092300,-46.592840,529.956200,-96.095570,17.083810000
258,-70.946180,518.349900,-102.410800,-60.335950,535.554300,-105.106000,-47.664050,529.967200,-94.862290,17.225760000
259,-71.969250,518.322300,-101.454400,-61.360870,535.604700,-104.152500,-48.898180,529.965000,-93.816220,17.145390000
260,-73.082060,518.338200,-100.628400,-62.473060,535.699000,-103.331000,-50.141700,529.687100,-92.841940,17.269220000
261,-74.247150,518.409900,-99.883480,-63.634600,535.849100,-102.592200,-51.355700,529.671000,-91.705890,17.534320000
262,-75.310170,518.420500,-98.968340,-64.697470,535.938400,-101.681200,-52.343440,529.800700,-91.686640,17.034820000
263,-76.396390,518.421300,-98.080160,-65.783960,536.018200,-100.797000,-53.424500,529.419000,-90.495090,17.390670000
264,-77.456500,518.319600,-97.166810,-66.849400,535.995200,-99.884470,-54.540240,529.658700,-90.136750,16.931770000
265,-78.595690,518.274700,-96.398610,-67.990810,536.028300,-99.118960,-55.575730,529.562900,-88.815540,17.380900000
266,-79.742690,518.321000,-95.682690,-69.135480,536.151400,-98.408420,-56.759830,529.397200,-87.774680,17.659370000
267,-80.812350,518.216900,-94.784150,-70.210560,536.125900,-97.510660,-58.028740,529.389000,-86.681920,17.636430000
268,-81.734220,518.229800,-93.732100,-71.132590,536.214600,-96.462420,-59.329250,529.327100,-85.668590,17.414460000
269,-82.854270,518.288200,-92.900340,-72.249950,536.351900,-95.636340,-60.647800,529.511800,-84.820470,17.273660000
270,-83.990760,518.214800,-92.087790,-73.390130,536.357800,-94.825660,-61.953200,529.738200,-83.910880,17.139270000
271,-85.151590,518.202300,-91.304620,-74.551590,536.424900,-94.046210,-63.177440,529.501200,-82.877560,17.379510000
272,-86.302890,518.214800,-90.517860,-75.702320,536.516500,-93.263880,-64.402360,529.241600,-81.846470,17.634390000
273,-87.325490,518.160000,-89.560790,-76.728090,536.539700,-92.308910,-65.668010,529.191300,-80.767520,17.593390000
274,-88.373160,517.974600,-88.657970,-77.785180,536.432100,-91.404440,-66.873570,529.155200,-79.648450,17.613110000
275,-89.424100,517.967000,-87.765940,-78.836840,536.501900,-90.515960,-68.165870,528.890700,-78.675190,17.663640000
276,-90.650700,517.999100,-87.089920,-80.061630,536.613600,-89.845140,-69.465950,528.938300,-77.682960,17.863290000
277,-91.780930,517.965100,-86.258730,-81.193670,536.659100,-89.016950,-70.593870,528.822800,-76.609270,18.102860000
278,-92.864520,517.923400,-85.373750,-82.279590,536.696200,-88.134640,-71.879490,528.817500,-75.576970,18.108860000
279,-94.061980,517.899000,-84.642750,-83.478130,536.751600,-87.407110,-73.097580,528.821300,-74.448820,18.400090000
280,-95.070700,517.934200,-83.670390,-84.485680,536.864400,-86.439450,-74.549290,528.893400,-73.734150,17.991470000
281,-96.161740,517.835400,-82.800580,-85.581800,536.844500,-85.570650,-75.974350,528.891200,-72.950580,17.743310000
282,-97.266990,517.770800,-81.940780,-86.690420,536.859000,-84.712890,-77.368900,528.771700,-72.066690,17.669840000
283,-96.767240,517.804900,-82.849250,-86.187970,536.842000,-85.620360,-78.647250,528.831400,-71.083210,18.230780000
284,-95.832620,517.948500,-83.794480,-85.245760,536.912200,-86.566370,-79.851070,528.462600,-69.999500,19.363870000
285,-94.770150,517.681900,-84.672580,-84.195980,536.568500,-87.432850,-81.173740,528.687100,-69.103690,20.179440000
286,-93.707680,517.415400,-85.550680,-83.146190,536.224900,-88.299340,-82.735280,528.772100,-68.541350,21.120850000
287,-92.842900,517.128900,-86.225900,-82.295190,535.876900,-88.963090,-83.906560,528.727700,-67.539380,22.642500000
288,-93.657490,516.672500,-85.177500,-83.132940,535.491600,-87.904420,-85.166650,528.749700,-66.573090,22.463640000
289,-94.472080,516.216200,-84.129100,-83.970700,535.106600,-86.845750,-86.416850,528.695500,-65.625230,22.302360000
290,-95.219540,515.743200,-83.040500,-84.742290,534.702700,-85.746190,-87.759000,528.789900,-64.765980,22.005250000
291,-94.577960,514.769200,-82.653340,-84.149650,533.710400,-85.328610,-89.019160,528.675400,-63.781730,22.656820000
292,-94.721110,514.991300,-81.956380,-84.283050,533.959700,-84.638920,-90.177760,528.645800,-62.609040,23.415800000
293,-95.366180,515.842100,-81.044750,-84.887520,534.867200,-83.754670,-91.671910,528.556300,-61.846530,23.787020000
294,-94.820150,515.352000,-81.830800,-84.364620,534.328300,-84.524280,-93.059530,528.917500,-61.131180,25.536530000
295,-95.413170,516.060500,-81.442410,-84.923090,535.076000,-84.158710,-94.135370,528.549600,-60.204480,26.481410000
296,-96.291600,516.912400,-80.821140,-85.760050,535.987400,-83.565480,-95.444320,529.287000,-60.052450,26.297220000
297,-97.569960,517.111500,-80.276080,-87.028180,536.264500,-83.030590,-96.247100,528.504800,-59.239920,26.668270000
298,-98.795160,517.101700,-79.619200,-88.253560,536.333600,-82.377660,-97.381480,528.619400,-58.221200,26.951110000
299,-99.949390,517.003800,-78.838820,-89.412610,536.314900,-81.598480,-98.616260,528.674900,-57.547520,26.861240000
300,-100.976200,517.065600,-77.884550,-90.436870,536.454700,-80.649760,-99.761490,528.032200,-56.494580,27.227940000
301,-101.988800,517.268500,-77.517880,-91.439090,536.717300,-80.292450,-101.177100,528.405300,-55.931980,27.520030000
302,-103.211300,517.411600,-77.828030,-92.652590,536.910700,-80.610600,-102.562100,528.269800,-55.194240,28.615670000
303,-104.404600,517.479800,-77.126170,-93.842350,537.057400,-79.914890,-103.906700,528.410200,-54.243280,28.898080000
304,-105.438700,517.395600,-76.223950,-94.880940,537.050200,-79.013930,-104.962400,528.422400,-53.184600,29.038400000
305,-106.500200,517.247600,-75.338550,-95.950010,536.980200,-78.128010,-106.307100,528.370100,-52.197060,29.220120000
306,-107.630600,517.409400,-74.573070,-97.072510,537.219300,-77.371240,-107.840700,528.384700,-51.524270,29.361020000
307,-108.878800,517.698300,-74.129100,-98.305940,537.581400,-76.939950,-109.286700,528.403500,-50.738830,29.854800000
308,-110.053000,517.546400,-73.391650,-99.487550,537.508700,-76.202160,-110.739500,528.293500,-49.964330,29.999160000
309,-111.013000,517.410800,-72.404090,-100.454800,537.449000,-75.214160,-112.127600,528.195700,-49.057620,30.100530000
310,-112.176700,517.441300,-71.630610,-101.616900,537.558800,-74.445650,-113.519500,528.196800,-48.149910,30.344450000
311,-113.310700,517.359100,-70.817510,-102.755100,537.555900,-73.634170,-114.974000,528.271900,-47.336080,30.448050000
312,-114.436500,517.233600,-70.049720,-103.887000,537.508000,-72.866660,-116.429600,528.115600,-46.515270,30.658290000
313,-115.664800,517.368300,-69.404370,-105.108500,537.721200,-72.229500,-117.928200,528.306800,-45.822380,30.827150000
314,-116.819500,517.459300,-68.625690,-106.258700,537.891200,-71.457560,-119.423800,528.316000,-45.122330,30.960410000
315,-117.955800,517.485400,-67.806970,-107.393900,537.996600,-70.643610,-120.717000,528.267900,-44.142210,31.216630000
316,-119.105600,517.460600,-67.014950,-108.544900,538.051100,-69.854920,-122.179700,528.132300,-43.363820,31.401730000
317,-120.195400,517.387300,-66.152250,-109.638600,538.056300,-68.993970,-123.510600,528.209700,-42.365360,31.598600000
318,-121.389100,517.489300,-65.440630,-110.827200,538.237100,-68.289490,-124.983200,528.136500,-41.596690,31.857800000
319,-122.592800,517.626900,-64.761620,-112.024000,538.453100,-67.618680,-126.456500,528.205300,-40.833440,32.105510000
320,-123.804000,517.916700,-64.132420,-113.220700,538.819800,-67.002150,-127.767300,528.266800,-39.949770,32.477700000
321,-124.985900,517.603500,-63.577610,-114.417500,538.581000,-66.442230,-129.031700,528.452000,-39.296790,32.450710000
322,-126.103400,517.501200,-62.738990,-115.540100,538.557900,-65.604580,-130.420400,528.206000,-38.573390,32.546450000
323,-127.177500,517.346100,-61.864210,-116.622100,538.481100,-64.729110,-131.861200,528.220200,-37.959680,32.467180000
324,-128.368900,517.373900,-61.126220,-117.812000,538.588500,-63.996100,-133.184600,528.371600,-37.259350,32.489270000
325,-129.544000,517.260700,-60.383020,-118.992600,538.554600,-63.253700,-134.382000,527.942700,-36.270280,32.826060000
326,-130.668800,517.086900,-59.763680,-120.125600,538.454000,-62.633170,-135.755500,528.335400,-35.787720,32.670430000
327,-131.870600,517.402000,-59.122820,-121.311800,538.845900,-62.005690,-137.159700,528.163100,-34.973940,33.105810000
328,-132.952300,517.341200,-58.279830,-122.396700,538.862700,-61.164780,-138.465000,527.974400,-33.929620,33.443980000
329,-134.128500,517.311200,-57.523540,-123.574300,538.912200,-60.411730,-139.975400,527.705000,-33.324940,33.590070000
330,-135.387100,517.120900,-56.987430,-124.841700,538.799300,-59.874340,-141.367100,527.377600,-32.562590,33.903910000
331,-136.541500,517.045300,-56.230860,-125.999800,538.802100,-59.119610,-142.811100,528.122600,-32.340640,33.373430000
332,-137.737000,516.984400,-55.519640,-127.198100,538.820400,-58.410770,-144.197300,528.008700,-31.607450,33.530380000
333,-138.899700,517.078900,-54.740320,-128.356200,538.994400,-57.638310,-145.631200,527.890400,-30.780520,33.809270000
334,-140.103200,517.020400,-54.025230,-129.562300,539.015500,-56.925700,-147.087400,528.353000,-30.166950,33.717170000
335,-141.353600,517.085500,-53.390500,-130.809200,539.160000,-56.297190,-148.351100,527.908800,-29.380730,34.041190000
336,-142.644800,517.096000,-52.853310,-132.099400,539.249100,-55.764700,-149.773700,528.037200,-28.795690,34.138230000
337,-143.861200,517.064000,-52.154900,-133.317100,539.297000,-55.069580,-151.143700,528.209400,-28.266490,34.045960000
338,-145.037700,517.098900,-51.397920,-134.491900,539.411400,-54.317750,-152.441800,527.704300,-27.388890,34.415380000
339,-146.274100,516.954400,-50.754510,-135.735000,539.346100,-53.674380,-153.890100,527.988200,-26.917620,34.271450000
340,-147.490500,517.074700,-50.077650,-136.945400,539.545300,-53.005260,-155.258000,527.832100,-26.101620,34.588450000
341,-148.728900,517.136500,-49.425540,-138.180400,539.686500,-52.359230,-156.777600,527.817300,-25.450960,34.796440000
342,-149.926700,517.118200,-48.694320,-139.378900,539.748000,-51.631660,-158.223800,527.992800,-24.620800,34.969980000
343,-151.144200,517.124300,-48.003840,-140.595900,539.833700,-50.945590,-159.750700,528.151400,-23.968060,35.088020000
344,-152.338700,517.133100,-47.268970,-141.789900,539.922200,-50.215150,-161.257300,528.671200,-23.695560,34.768560000
345,-153.574800,516.998500,-46.639810,-143.032300,539.866500,-49.586300,-162.349000,528.253400,-23.032110,34.829950000
346,-154.872000,517.043300,-46.119330,-144.326700,539.989600,-49.071550,-163.672900,527.894500,-22.309320,35.167950000
347,-156.141900,517.055500,-45.532510,-145.595500,540.081000,-48.489440,-165.104600,528.362500,-21.750140,35.112910000
348,-157.346600,516.998500,-44.817870,-146.802800,540.103600,-47.777330,-166.679300,528.549600,-21.339680,35.035960000
349,-158.578400,517.024500,-44.146260,-148.033100,540.209300,-47.110750,-168.144800,528.619400,-20.587440,35.246160000
350,-159.773700,516.974100,-43.542180,-149.230500,540.235000,-46.509310,-169.570400,528.744600,-19.892390,35.414700000
351,-160.936100,516.816500,-43.142240,-150.400000,540.145900,-46.108680,-171.006300,528.695600,-19.074070,35.869170000
352,-162.129500,516.963400,-42.434980,-151.586100,540.371500,-45.409880,-172.218200,528.171400,-18.316970,36.173900000
353,-163.292400,516.933700,-41.651170,-152.750400,540.421400,-44.629290,-173.745200,527.956200,-17.834220,36.251050000
354,-164.500600,516.946200,-40.943260,-153.957900,540.513500,-43.925950,-175.191700,527.882500,-17.362040,36.277560000
355,-165.756800,516.933500,-40.317340,-155.214300,540.580300,-43.303980,-176.597300,527.810400,-16.579850,36.530560000
356,-167.002900,516.716100,-39.733520,-156.470500,540.441200,-42.718070,-178.067800,527.986000,-15.904360,36.613480000
357,-168.321100,516.698100,-39.264030,-157.788900,540.501100,-42.252510,-179.479100,527.897000,-15.234910,36.868370000
358,-169.613800,516.655500,-38.723070,-159.083100,540.537500,-41.714710,-180.829400,528.095400,-14.907020,36.692760000
359,-170.843700,516.676900,-38.047210,-160.311700,540.638500,-41.043740,-182.369800,528.207200,-14.443990,36.723920000
360,-172.061700,516.760200,-37.356320,-161.525500,540.801300,-40.359520,-183.748500,527.878600,-13.672730,37.054620000
361,-173.299100,516.743300,-36.708640,-162.763300,540.863800,-39.715610,-185.342200,527.930200,-13.165540,37.175080000
362,-174.553100,516.865500,-36.113290,-164.010900,541.064300,-39.128140,-186.850900,527.817400,-12.519140,37.485750000
363,-175.860100,517.037700,-35.675780,-165.308800,541.312700,-38.700090,-188.456600,527.923000,-12.091400,37.724320000
364,-177.076200,516.853800,-35.001110,-166.533600,541.208100,-38.024240,-190.095900,527.885400,-11.745550,37.725910000
365,-178.344100,516.873700,-34.409900,-167.800100,541.307000,-37.437960,-191.479100,527.876500,-11.079520,37.892510000
366,-179.620200,516.785900,-33.858720,-169.080000,541.297700,-36.888570,-192.875500,528.053700,-10.167520,38.152900000
367,-180.892000,516.602400,-33.346160,-170.360100,541.191500,-36.374970,-194.410400,527.983900,-9.499454,38.407650000
368,-182.172800,516.553100,-32.793560,-171.642800,541.220800,-35.825300,-195.993700,527.953400,-8.993603,38.586680000
369,-183.342700,516.600300,-32.020210,-172.810400,541.347700,-35.057440,-197.611400,528.282100,-8.741893,38.448720000
370,-184.599900,516.518200,-31.405080,-174.071200,541.345000,-34.444230,-198.896700,527.772400,-8.009269,38.721150000
371,-185.878500,516.523300,-30.846870,-175.349100,541.428700,-33.890530,-200.308500,528.200900,-7.581969,38.601670000
372,-187.192700,516.628500,-30.377940,-176.657400,541.611600,-33.429130,-201.632300,527.924400,-7.097545,38.787090000
373,-188.482200,516.736100,-29.860260,-177.941000,541.796900,-32.918980,-203.138700,527.901000,-6.573628,39.014060000
374,-189.756300,516.745200,-29.277460,-179.214200,541.885100,-32.340820,-204.624500,527.900500,-5.879672,39.261190000
375,-191.048400,516.752400,-28.729310,-180.505400,541.971400,-31.797280,-206.132300,527.993300,-5.266192,39.446430000
376,-192.335400,516.666500,-28.179200,-181.796000,541.964400,-31.249040,-207.540200,528.626300,-5.775223,38.595130000
377,-193.604700,516.663500,-27.579370,-183.065000,542.040800,-30.653490,-208.303600,528.105000,-5.063654,38.549100000
378,-194.836900,516.825700,-26.927130,-184.289100,542.281900,-30.010250,-209.773400,528.403700,-4.515911,38.626640000
379,-196.111000,516.959500,-26.355580,-185.556200,542.494400,-29.446980,-211.253300,528.197000,-3.817946,39.007750000
380,-196.434200,517.078800,-26.731880,-185.872400,542.618100,-29.827650,-212.705300,528.299900,-3.212706,40.414940000
381,-197.699200,517.187700,-26.161160,-187.131700,542.805100,-29.264440,-214.332800,528.589800,-2.978064,40.409790000
382,-198.958300,517.221100,-25.596380,-188.388700,542.916400,-28.704940,-215.759800,528.705400,-2.340615,40.573530000
383,-200.146000,516.963400,-25.052470,-189.588500,542.733000,-28.157570,-217.330400,528.280900,-2.079570,40.725110000
384,-201.409200,516.783700,-24.503400,-190.860000,542.631200,-27.607550,-218.779700,527.884300,-1.603402,40.904720000
385,-202.659900,516.669800,-23.916180,-192.115800,542.595600,-27.021280,-220.229700,527.697800,-1.382066,40.862070000
386,-203.962400,516.530500,-23.428880,-193.424300,542.534200,-26.534330,-221.559600,528.241500,-0.707240,40.778890000
387,-205.266300,516.389600,-22.937120,-194.734400,542.471600,-26.042860,-223.004200,528.438500,-0.170004,40.810700000
388,-206.616100,516.368300,-22.568810,-196.084400,542.526700,-25.678440,-224.496300,528.561000,0.169184,40.870270000
389,-207.905200,516.393600,-22.041120,-197.371700,542.630200,-25.155870,-225.603900,528.726000,0.758175,40.766710000
390,-209.170700,516.534500,-21.483510,-198.629800,542.849000,-24.606720,-226.363000,529.102800,0.902973,40.110280000
391,-210.461400,516.635100,-20.947140,-199.915000,543.027900,-24.077690,-226.877800,530.140900,0.873886,38.931330000
392,-211.748600,516.594400,-20.393840,-201.203600,543.066200,-23.527590,-227.193600,530.976000,0.655003,37.502670000
393,-213.044200,516.553000,-19.890800,-202.500600,543.102700,-23.027740,-227.538300,531.811400,0.603250,36.232640000
394,-214.378300,516.666300,-19.491560,-203.828300,543.292500,-22.636290,-227.357200,532.855100,-0.079639,34.224960000
395,-215.691000,516.826700,-19.096590,-205.132400,543.528100,-22.250420,-227.273300,534.173300,-0.861414,32.174900000
396,-216.970000,516.721100,-18.588830,-206.415800,543.499900,-21.743920,-227.019700,535.413200,-1.459524,30.022810000
397,-218.251900,516.629200,-18.078130,-207.701600,543.485700,-21.234880,-227.157200,536.717300,-1.679953,28.402860000
398,-219.573200,516.537700,-17.621190,-209.026700,543.472000,-20.779730,-226.934000,538.168100,-2.422780,26.187440000
399,-220.881900,516.494600,-17.138400,-210.336800,543.506800,-20.300110,-226.995800,539.699800,-2.923712,24.371180000
400,-222.235600,516.586100,-16.786270,-211.685000,543.674400,-19.955180,-227.045000,541.116500,-3.762318,22.465060000
401,-223.574000,516.692200,-16.402670,-213.017300,543.856900,-19.579160,-226.953000,542.406100,-4.278948,20.746160000
402,-224.878100,516.684500,-15.918520,-214.321100,543.926900,-19.099210,-227.177800,543.961400,-4.676225,19.321410000
403,-226.158300,516.699400,-15.369670,-215.600100,544.020100,-18.555170,-227.648700,545.381800,-5.386290,17.900930000
404,-227.461000,516.644000,-14.857310,-216.904900,544.043300,-18.045610,-227.704500,546.944900,-5.945937,16.475850000
405,-228.770700,516.608300,-14.358990,-218.215600,544.086200,-17.550690,-227.692500,548.407300,-6.715154,15.029690000
406,-230.135100,516.537800,-14.082030,-219.582300,544.090200,-17.276190,-228.026600,549.827800,-7.399851,14.204500000
407,-231.424000,516.683800,-13.560890,-220.863600,544.314000,-16.763700,-227.853700,551.230100,-8.288048,12.981950000
408,-232.674400,516.684400,-13.154600,-222.113200,544.387500,-16.361640,-227.902600,552.662000,-9.121537,12.425950000
409,-233.970100,516.738300,-12.796350,-223.405300,544.514900,-16.009300,-227.910900,554.183800,-9.780302,12.352720000
410,-235.067100,516.835200,-12.353880,-224.497100,544.678000,-15.573400,-228.102000,555.599900,-10.575630,12.540330000
411,-235.521300,517.512500,-12.650350,-224.917100,545.367700,-15.891040,-228.317300,557.140000,-11.192160,13.123580000
412,-235.784300,518.127400,-12.505100,-225.150100,545.998700,-15.764690,-228.453000,558.581200,-12.036690,13.532510000
413,-236.199400,519.290900,-12.757270,-225.507600,547.173000,-16.052140,-228.479800,559.879900,-12.964420,13.410180000
414,-236.135400,520.294900,-13.487790,-225.393400,548.150800,-16.811530,-228.510000,561.242400,-13.465760,13.867150000
415,-236.388400,521.141500,-13.519230,-225.604700,549.007400,-16.868550,-228.297300,562.805500,-13.896240,14.369050000
416,-236.391500,522.314700,-14.139780,-225.549600,550.160700,-17.523180,-228.229600,563.817800,-15.052390,14.135190000
417,-236.349200,523.405800,-14.746050,-225.453000,551.230200,-18.160990,-228.446700,565.198100,-15.584700,14.515540000
418,-236.279100,524.592200,-15.145170,-225.324500,552.399400,-18.594420,-228.656800,566.275700,-16.667350,14.400350000
419,-236.270300,525.802100,-15.672860,-225.255700,553.591400,-19.157280,-228.541300,567.800900,-17.327240,14.698710000
420,-235.995400,526.958500,-16.217790,-224.923800,554.716600,-19.734920,-228.670300,569.081700,-17.971660,14.950010000
421,-235.949000,528.166400,-16.891480,-224.817300,555.900500,-20.443530,-228.501400,570.276800,-18.838440,14.927370000
422,-236.051100,529.393000,-17.518840,-224.858400,557.111600,-21.106840,-228.711500,571.818500,-19.302350,15.310000000
423,-236.283700,530.624000,-18.103960,-225.029700,558.334700,-21.728490,-229.030800,573.083700,-20.250490,15.353370000
424,-236.250200,531.876300,-18.720410,-224.934100,559.565200,-22.381210,-229.129500,574.408300,-21.023240,15.484240000
425,-236.298300,533.120800,-19.353500,-224.920200,560.791500,-23.050610,-228.997500,575.687100,-21.975980,15.480900000
426,-236.443800,534.376500,-19.948340,-225.003300,562.034700,-23.682420,-229.047400,577.142000,-22.683700,15.671000000
427,-236.377100,535.570300,-20.664370,-224.877200,563.202400,-24.432860,-228.995900,578.464300,-23.663570,15.826590000
428,-236.468400,536.800500,-21.324320,-224.907300,564.415700,-25.128830,-229.077400,579.815900,-24.512650,15.966750000
429,-236.464300,538.070900,-21.898750,-224.840200,565.666900,-25.740180,-228.785400,580.891700,-25.475380,15.729890000
430,-236.406700,539.010300,-22.721330,-224.735400,566.577700,-26.589710,-228.785900,582.108900,-26.093900,16.058400000
431,-236.311100,540.201500,-23.358470,-224.580600,567.743700,-27.261130,-229.161800,583.013800,-26.397640,15.965870000
432,-236.262200,541.418300,-23.985310,-224.471300,568.937700,-27.923150,-229.270800,584.320300,-26.644490,16.164590000
433,-236.378400,542.628200,-24.640860,-224.527300,570.132100,-28.614210,-229.079700,585.061000,-27.843020,15.626580000
434,-236.483900,543.896400,-25.209330,-224.569800,571.386700,-29.219890,-229.480600,586.335600,-28.744560,15.742110000
435,-236.555900,545.076800,-25.956340,-224.582800,572.546600,-30.001360,-229.309600,587.617400,-29.348130,15.808240000
436,-236.600100,546.315200,-26.613140,-224.565400,573.765900,-30.694260,-229.522200,588.863600,-30.126920,15.900740000
437,-236.776100,547.423000,-27.427720,-224.685800,574.856400,-31.541470,-229.793600,590.135300,-30.993780,16.119360000
438,-236.797100,548.598000,-28.174970,-224.648100,576.008700,-32.322860,-229.713600,591.269300,-31.983380,16.083010000
439,-236.818000,549.862200,-28.775760,-224.606200,577.254200,-32.960460,-229.893200,592.570400,-32.876900,16.203230000
440,-236.854400,551.075100,-29.471500,-224.582200,578.446500,-33.691510,-230.261300,593.881800,-33.596600,16.447200000
441,-236.857800,552.206500,-30.273300,-224.529100,579.552600,-34.526090,-229.671700,594.909400,-34.677870,16.195670000
442,-236.909600,553.396400,-31.008410,-224.521400,580.721400,-35.295880,-228.847300,596.293400,-35.127470,16.162540000
443,-236.751000,554.589400,-31.707140,-224.303600,581.884300,-36.028710,-228.626600,597.484300,-35.787240,16.189710000
444,-236.797700,555.793800,-32.407030,-224.290300,583.068400,-36.763690,-228.613200,596.636600,-37.241400,14.248170000
445,-236.766600,556.963100,-33.176190,-224.200900,584.211900,-37.566640,-228.562600,596.569100,-38.753340,13.158050000
446,-236.798200,558.119000,-33.962920,-224.174700,585.344200,-38.386970,-228.118500,597.771900,-38.700870,13.042230000
447,-236.797300,559.302800,-34.690270,-224.114700,586.504700,-39.148650,-227.978600,598.286300,-40.117500,12.436850000
448,-236.967200,560.414300,-35.459440,-224.228900,587.600000,-39.950570,-227.911000,599.335100,-41.271900,12.369910000
449,-237.102200,561.663700,-36.042820,-224.301800,588.836900,-40.570700,-228.335400,600.466100,-42.409530,12.445490000
450,-237.030400,562.847200,-36.727390,-224.171100,589.994800,-41.289380,-228.329700,601.608600,-43.572350,12.545450000
451,-237.090200,563.931500,-37.553580,-224.176400,591.055900,-42.147140,-228.274700,602.723900,-44.774360,12.642820000
452,-237.066200,565.115500,-38.271060,-224.093500,592.215800,-42.898880,-228.665000,603.286600,-46.092900,12.396070000
453,-237.145100,566.184800,-39.138520,-224.118600,593.261700,-43.797520,-228.937100,603.944500,-47.138260,12.186140000
454,-237.183200,567.294100,-39.985860,-224.101000,594.346200,-44.677080,-228.944100,605.374900,-47.682480,12.414550000
455,-237.203200,568.477100,-40.680020,-224.062100,595.507900,-45.405620,-228.897200,606.092200,-49.204550,12.240830000
456,-237.341500,569.620800,-41.369620,-224.143200,596.636200,-46.128850,-228.743800,607.389800,-49.775180,12.251600000
457,-237.390400,570.792300,-42.116650,-224.133600,597.786200,-46.910000,-228.941800,607.631500,-51.316510,11.809510000
458,-237.268800,571.959200,-42.871910,-223.953900,598.923000,-47.698700,-228.574500,608.867700,-51.969170,11.767920000
459,-237.180100,573.034400,-43.717870,-223.811400,599.967300,-48.575470,-228.412700,609.612200,-53.350800,11.704670000
460,-237.201300,574.144000,-44.569830,-223.776900,601.051200,-49.459610,-228.416900,610.584300,-54.519110,11.747690000
461,-237.281700,575.326400,-45.317620,-223.798200,602.213600,-50.241940,-228.537200,611.590600,-55.571890,11.781080000
462,-237.320000,576.519900,-46.053320,-223.777000,603.385400,-51.012380,-228.308100,612.747200,-56.497830,11.758580000
463,-237.511800,577.643100,-46.872860,-223.912300,604.491900,-51.865050,-228.272600,613.763800,-57.670510,11.776380000
464,-237.476100,578.789200,-47.663250,-223.819400,605.611300,-52.688520,-228.304200,615.070500,-58.615090,12.029750000
465,-237.340200,579.926900,-48.433480,-223.626800,606.717900,-53.491280,-228.059800,616.273300,-59.625290,12.189440000
466,-237.233400,581.016400,-49.292490,-223.465400,607.775100,-54.381470,-228.214100,616.978900,-60.653550,12.107750000
467,-237.386300,582.179000,-50.062080,-223.560100,608.920700,-55.185250,-227.750200,618.194200,-61.721250,12.094330000
468,-237.537000,583.306000,-50.880890,-223.654300,610.029200,-56.037180,-228.317900,619.315300,-62.662170,12.323680000
469,-237.542400,584.444500,-51.697810,-223.602700,611.142000,-56.887070,-227.912600,620.459900,-63.575240,12.252760000
470,-237.560700,585.524200,-52.577730,-223.566700,612.195000,-57.798270,-228.115700,621.694900,-64.655780,12.568490000
471,-237.432100,586.636700,-53.401500,-223.382500,613.275300,-58.653840,-228.374700,623.020000,-65.541220,12.935120000
472,-237.219100,587.736900,-54.223950,-223.114700,614.339200,-59.507440,-228.007400,623.938500,-66.664970,12.935000000
473,-237.396400,588.794200,-55.117440,-223.238600,615.377100,-60.432060,-227.988100,624.913000,-67.585430,12.832050000
474,-237.559700,589.975200,-55.822460,-223.342800,616.543500,-61.171880,-228.282600,626.245500,-68.433490,13.086710000
475,-237.610200,591.086200,-56.677820,-223.337700,617.630100,-62.059540,-228.329700,627.424400,-69.448110,13.245350000
476,-237.619300,592.223500,-57.496390,-223.289800,618.741900,-62.911070,-228.632200,628.653700,-70.473140,13.563580000
477,-237.435700,593.330400,-58.324630,-223.051000,619.813700,-63.770760,-228.980400,629.999300,-71.179540,13.921040000
478,-237.476300,594.422200,-59.201160,-223.036700,620.879900,-64.678990,-228.852600,631.052600,-72.204640,13.926310000
479,-237.494700,595.554700,-60.026230,-222.998400,621.987200,-65.536910,-228.839800,631.929100,-73.323050,13.913590000
480,-237.374100,596.583300,-60.959880,-222.826100,622.980800,-66.499870,-229.110400,633.068600,-74.385960,14.263480000
481,-237.473200,597.749900,-61.726860,-222.866900,624.127800,-67.300980,-228.646900,634.230000,-75.415630,14.188410000
482,-237.489300,598.853800,-62.584180,-222.827600,625.205600,-68.190290,-229.013400,635.266100,-76.336400,14.347020000
483,-237.618900,599.906400,-63.497460,-222.904100,626.236000,-69.134410,-229.084600,636.381700,-77.436700,14.493520000
484,-237.614100,600.989900,-64.381840,-222.844800,627.291400,-70.050090,-229.119100,637.665800,-78.436150,14.741730000
485,-237.578900,602.036400,-65.313760,-222.757000,628.307200,-71.012120,-229.238100,638.893400,-79.544080,15.062130000
486,-237.450300,603.223000,-66.031200,-222.569500,629.464500,-71.763570,-229.373600,639.859300,-80.494960,15.185100000
487,-237.352100,604.136500,-67.047130,-222.425000,630.341900,-72.805480,-229.141000,640.913300,-81.582340,15.293520000
488,-237.343500,605.259300,-67.880910,-222.360200,631.437900,-73.671740,-229.218700,642.085800,-82.663760,15.532950000
489,-237.461700,606.297300,-68.816060,-222.425900,632.452500,-74.637250,-229.257000,643.361300,-83.701970,15.742800000
490,-237.400300,607.393600,-69.687050,-222.309600,633.518400,-75.539740,-229.246000,644.421400,-84.863150,15.934700000
491,-237.355500,608.581700,-70.357280,-222.205700,634.682700,-76.244320,-229.099500,645.445400,-85.982770,16.068470000
492,-237.583600,609.516900,-71.342900,-222.386200,635.598500,-77.257610,-229.780000,646.649700,-86.770530,16.349110000
493,-237.631200,610.581300,-72.250390,-222.380200,636.636800,-78.196010,-230.296300,647.896700,-87.538720,16.635360000
494,-237.507300,611.657500,-73.124890,-222.202400,637.679600,-79.101240,-230.753000,649.014400,-88.271220,16.902010000
495,-237.676200,612.772600,-73.956570,-222.315300,638.776700,-79.965740,-230.143000,649.357000,-89.256280,16.110000000
496,-237.699600,613.796500,-74.908030,-222.287000,639.772100,-80.946820,-229.529800,650.037000,-90.368350,15.703230000
497,-237.527400,614.844700,-75.805940,-222.062300,640.783900,-81.874470,-228.976100,650.943100,-91.452440,15.580360000
498,-237.455900,615.904500,-76.706410,-221.937600,641.811900,-82.805340,-229.259200,652.144600,-92.563880,15.987500000
499,-237.671900,616.956900,-77.596410,-222.100400,642.847000,-83.726450,-229.030400,653.249400,-93.694500,15.987360000
500,-237.717500,618.016200,-78.510350,-222.092700,643.880000,-84.671150,-229.029200,654.179500,-94.858730,16.061820000
501,-237.692800,618.980200,-79.486240,-222.019200,644.812500,-85.674750,-229.680900,655.323400,-95.467960,16.281490000
502,-237.725900,620.048200,-80.363640,-221.998700,645.854700,-86.583130,-229.549100,656.257400,-96.792270,16.415040000
503,-237.918700,621.130300,-81.231590,-222.137000,646.918800,-87.482990,-229.611900,657.279700,-97.852290,16.454300000
504,-237.885000,622.108100,-82.227650,-222.053800,647.864100,-88.507140,-229.923500,658.300700,-98.620650,16.526800000
505,-237.826400,623.197700,-83.014220,-221.940700,648.926000,-89.325070,-229.667900,659.190900,-99.687410,16.506260000
506,-237.761200,624.187800,-83.991990,-221.825600,649.882600,-90.331180,-229.592500,660.170400,-100.805100,16.609280000
507,-237.701100,625.146200,-84.970710,-221.717100,650.807700,-91.337340,-229.925700,661.188900,-101.403000,16.627290000
508,-237.817500,626.247900,-85.826550,-221.778100,651.888100,-92.225430,-229.586200,661.916800,-102.640600,16.432190000
509,-237.898500,627.335900,-86.706700,-221.804400,652.952600,-93.137310,-229.842200,662.762800,-103.587000,16.432930000
510,-238.000200,628.312400,-87.696080,-221.856600,653.903400,-94.155160,-229.879200,663.685900,-104.381700,16.267830000
511,-237.803400,629.290000,-88.661300,-221.610700,654.841400,-95.147930,-229.805900,664.468300,-105.283400,16.203930000
512,-237.776700,630.332100,-89.573650,-221.531500,655.853700,-96.090310,-229.935900,665.101900,-105.876500,15.872390000
513,-238.035800,631.351400,-90.493420,-221.739000,656.856900,-97.040350,-229.191000,665.413400,-106.725600,14.918050000
514,-237.989400,632.352700,-91.383250,-221.642200,657.828100,-97.958950,-228.983000,666.243800,-107.287300,14.550930000
515,-237.825700,633.202500,-92.476170,-221.435300,658.636400,-99.075740,-229.268300,666.690100,-108.153300,14.443640000
516,-237.896800,634.298000,-93.329190,-221.451400,659.708600,-99.960690,-229.776600,667.274200,-108.146300,13.912320000
517,-237.724100,635.236000,-94.341160,-221.231400,660.607000,-100.999100,-229.315800,667.503400,-109.034100,13.322120000
518,-237.673600,636.283100,-95.250560,-221.128200,661.623100,-101.938600,-229.819900,668.026600,-109.340400,13.089530000
519,-237.719200,637.249600,-96.257380,-221.124800,662.560800,-102.973400,-229.802100,668.653000,-109.964800,12.699960000
520,-237.737000,638.300800,-97.172220,-221.089700,663.584200,-103.918700,-230.102300,669.087600,-110.075100,12.223540000
521,-237.851400,639.340000,-98.070200,-221.151700,664.600800,-104.847100,-230.107700,669.630200,-111.045900,11.997070000
522,-237.973600,640.325000,-99.053100,-221.224000,665.561400,-105.858800,-230.123600,670.110500,-111.415900,11.435840000
523,-238.167600,641.306800,-100.033000,-221.368100,666.522200,-106.867600,-229.875700,670.698700,-112.225200,10.887010000
524,-238.052800,642.328400,-100.966800,-221.202000,667.509200,-107.830600,-229.882900,671.204300,-112.700500,10.617350000
525,-237.860000,643.148200,-102.055300,-220.967500,668.286200,-108.941900,-230.075700,671.954700,-113.354500,10.765160000
526,-237.947800,644.146400,-103.019000,-221.004800,669.258800,-109.934700,-229.872200,672.182400,-114.138900,10.239810000
527,-238.120400,645.179900,-103.915000,-221.125100,670.272600,-110.861100,-229.329300,672.498900,-114.585400,9.280844000
528,-238.016400,646.132400,-104.908800,-220.973100,671.189500,-111.882000,-229.537900,672.714700,-114.610600,9.117457000
529,-238.250000,647.091700,-105.874600,-221.157900,672.130100,-112.876200,-230.127500,672.928300,-114.465200,9.144109000
530,-238.054600,648.002100,-106.894900,-220.916500,672.999600,-113.922100,-229.956000,672.880600,-114.625900,9.067707000
531,-237.940200,648.992900,-107.865700,-220.752200,673.954600,-114.921100,-230.141500,672.831900,-114.396200,9.470722000
532,-238.079800,649.944500,-108.846300,-220.843500,674.882600,-115.929600,-229.838500,672.849800,-114.673300,9.306993000
533,-238.088500,650.893900,-109.803300,-220.804200,675.802800,-116.914000,-229.987700,673.054500,-114.636600,9.852685000
534,-238.197700,651.847300,-110.726000,-220.865100,676.732800,-117.864600,-229.886000,672.842000,-114.776600,10.298050000
535,-238.248600,652.737700,-111.675000,-220.870800,677.596400,-118.839300,-229.899300,672.916900,-114.492800,11.059080000
536,-238.109700,653.649400,-112.558800,-220.686000,678.473900,-119.749100,-229.290000,672.995500,-115.049000,11.230870000
537,-238.181500,654.299300,-113.285800,-220.724800,679.104800,-120.494900,-229.029400,673.104900,-115.283000,11.494770000
538,-238.427400,655.101000,-114.118400,-220.929800,679.892700,-121.351500,-228.894500,672.937700,-115.238800,12.213700000
539,-238.420100,655.942700,-115.047000,-220.879800,680.705500,-122.304300,-227.729900,672.850100,-115.540700,12.424840000
540,-238.498200,656.835700,-115.954700,-220.912700,681.574100,-123.238000,-227.070600,672.815600,-115.883800,12.989050000
541,-238.399100,657.660800,-116.740900,-220.772000,682.369900,-124.047600,-225.841500,672.903100,-116.276100,13.255850000
542,-238.383000,657.799600,-117.028200,-220.748700,682.499200,-124.338800,-224.977100,672.935600,-116.567300,13.028380000
543,-238.487900,657.973400,-117.221600,-220.844600,682.672300,-124.537600,-223.558100,672.713500,-117.183500,12.673710000
544,-238.559800,658.093300,-117.285000,-220.910500,682.793600,-124.604700,-222.125100,672.849900,-117.814000,12.102280000
545,-238.564800,658.148700,-117.360200,-220.912700,682.847000,-124.681500,-220.664500,673.018100,-118.491800,11.618170000
546,-238.614100,658.298100,-117.377400,-220.954600,682.997900,-124.703200,-219.251000,672.990600,-119.235800,11.530050000
547,-238.418800,658.230000,-117.338600,-220.762900,682.921600,-124.661800,-217.788000,672.791000,-119.848600,11.603820000
548,-237.998700,658.126600,-117.512200,-220.348000,682.792900,-124.831000,-216.270100,672.649400,-120.490500,11.762700000
549,-238.066100,658.200300,-117.425600,-220.411900,682.872300,-124.746800,-214.854500,672.709200,-121.282300,12.090320000
550,-237.493500,658.089600,-117.642200,-219.845000,682.727500,-124.958200,-213.317700,673.043600,-121.658600,12.135410000
551,-237.100200,658.214300,-117.935700,-219.445600,682.824200,-125.253900,-211.930800,673.168900,-122.397300,12.564050000
552,-235.912700,658.110700,-118.418700,-218.263700,682.648800,-125.729800,-210.539100,672.511600,-122.882400,13.059070000
553,-234.922000,658.071000,-118.822700,-217.275300,682.549100,-126.129300,-209.051600,672.415400,-123.646300,13.284840000
554,-234.237100,658.212300,-119.146100,-216.583800,682.647300,-126.454500,-207.498100,672.587900,-124.183000,13.744120000
555,-233.002900,658.139600,-119.682500,-215.353700,682.498900,-126.984600,-205.999700,672.656700,-124.876500,13.740800000
556,-231.761000,658.138300,-120.292700,-214.112200,682.419100,-127.590400,-204.774100,672.616000,-125.830000,13.652810000
557,-230.451100,658.189900,-120.583500,-212.800800,682.398400,-127.878400,-203.267100,672.617200,-126.573800,13.720970000
558,-229.274600,658.148700,-121.131700,-211.626700,682.283900,-128.421400,-201.871500,672.607700,-127.475000,13.772770000
559,-228.037800,658.129800,-121.762000,-210.391100,682.186200,-129.046900,-200.464400,672.837200,-128.306400,13.656310000
560,-226.715700,657.961500,-122.182000,-209.078200,681.941600,-129.457500,-198.915200,673.098100,-128.777200,13.489030000
561,-225.426600,657.828000,-122.717400,-207.796100,681.729800,-129.984600,-197.480900,673.102800,-129.602600,13.452700000
562,-224.314700,658.211700,-123.278900,-206.665800,682.042200,-130.553500,-196.012500,673.120200,-130.353400,13.897310000
563,-223.056600,658.125900,-123.871300,-205.412400,681.877900,-131.139100,-194.611800,673.053200,-131.246800,13.947740000
564,-221.814300,658.132600,-124.486300,-204.170100,681.806000,-131.750000,-193.191700,673.110400,-132.125900,14.010020000
565,-220.553300,658.102000,-125.098600,-202.910900,681.696000,-132.357000,-191.876800,673.335500,-133.076500,13.862520000
566,-219.295300,657.937400,-125.699800,-201.661400,681.452900,-132.949100,-190.358100,673.212200,-133.765800,14.012210000
567,-218.009600,657.956100,-126.244600,-200.375400,681.392900,-133.490100,-188.892400,673.051500,-134.515600,14.229910000
568,-216.821300,658.071200,-126.841400,-199.181800,681.432500,-134.086200,-187.583400,673.109700,-135.552800,14.350690000
569,-215.557800,657.944600,-127.417000,-197.924900,681.227700,-134.653700,-186.171100,673.373700,-136.365400,14.239630000
570,-214.302000,657.802600,-128.006300,-196.676500,681.007400,-135.234600,-184.936200,673.877100,-137.273100,13.886420000
571,-213.022500,657.845100,-128.572300,-195.395400,680.970900,-135.797500,-183.633100,673.738700,-138.245100,14.023130000
572,-211.778000,657.817600,-129.211800,-194.152600,680.864100,-136.431900,-182.228100,673.454500,-139.031000,14.277640000
573,-210.586000,657.856200,-129.938100,-192.958800,680.823200,-137.155100,-180.806300,673.559100,-139.890100,14.419870000
574,-209.395600,658.149000,-130.601500,-191.754300,681.038100,-137.822900,-179.447700,673.722200,-140.735600,14.610260000
575,-208.131800,658.154500,-131.185800,-190.490800,680.965000,-138.403100,-178.134500,673.591200,-141.704200,14.763130000
576,-207.185900,658.544600,-131.843000,-189.525800,681.289000,-139.068400,-176.668500,673.208900,-142.435400,15.554250000
577,-205.987900,658.356200,-132.535200,-188.337100,681.022300,-139.750900,-175.292900,672.846500,-143.335300,15.806410000
578,-204.776900,658.011900,-133.134600,-187.143200,680.602000,-140.336000,-173.884600,672.965400,-144.155300,15.770100000
579,-203.583000,657.725800,-133.815600,-185.963500,680.238200,-141.004500,-172.701000,673.115400,-144.855800,15.539110000
580,-202.911600,658.197400,-134.102400,-185.269400,680.667900,-141.302900,-171.604600,673.700600,-145.591900,15.926910000
581,-201.670700,658.033100,-134.738300,-184.036900,680.424900,-141.929600,-170.206900,673.565300,-146.367700,16.062980000
582,-200.469300,658.009000,-135.446400,-182.836900,680.321500,-142.632900,-168.839800,673.567300,-147.312900,16.230830000
583,-199.289700,657.733900,-136.156100,-181.670800,679.968500,-143.330400,-167.490700,673.719200,-148.166400,16.233100000
584,-198.490900,657.845800,-136.559900,-180.866700,680.029500,-143.734700,-166.351200,673.516100,-149.289600,16.851740000
585,-197.748800,658.362200,-136.850400,-180.099800,680.500400,-144.037800,-164.838500,673.492100,-149.744400,17.736720000
586,-196.571600,658.311000,-137.603900,-178.925100,680.369900,-144.785700,-163.596100,673.528700,-150.824600,17.839510000
587,-195.352700,658.185700,-138.260000,-177.712600,680.166100,-145.433900,-162.219300,673.341900,-151.632000,18.028490000
588,-194.116300,658.029100,-138.899200,-176.484200,679.930800,-146.064300,-161.026000,673.502300,-152.643600,17.988060000
589,-192.990200,658.152300,-139.720500,-175.351900,679.974900,-146.885100,-160.119400,674.107900,-153.739300,17.704020000
590,-191.827800,658.202300,-140.500600,-174.187100,679.945300,-147.662700,-158.622800,673.608000,-154.295300,18.066610000
591,-190.651100,658.229200,-141.265200,-173.009100,679.892300,-148.423800,-157.220900,673.622000,-155.155600,18.272960000
592,-189.401800,658.371600,-141.791800,-171.753500,679.958300,-148.950400,-155.951600,673.819700,-156.204600,18.439180000
593,-188.196200,658.264000,-142.489300,-170.553300,679.771600,-149.640600,-154.560200,673.417000,-156.987600,18.712050000
594,-187.026000,658.150800,-143.248100,-169.388600,679.579300,-150.391900,-153.220800,673.428200,-157.999200,18.897140000
595,-185.843900,658.300000,-143.975900,-168.199400,679.649400,-151.120000,-151.921900,673.357300,-159.055400,19.170720000
596,-184.686500,658.341700,-144.729300,-167.039900,679.612500,-151.870500,-150.536200,673.397700,-159.991100,19.414940000
597,-183.527300,658.428800,-145.506200,-165.876400,679.620200,-152.646000,-149.059200,673.386400,-160.777500,19.692670000
598,-182.303900,658.288000,-146.173600,-164.660200,679.400500,-153.304900,-147.871500,673.566800,-161.703000,19.657550000
599,-181.102400,658.089100,-146.851600,-163.468600,679.123400,-153.972900,-146.971500,673.453200,-162.846900,19.571710000
600,-179.953200,658.108500,-147.649400,-162.318400,679.063500,-154.767200,-145.838000,673.767800,-163.964800,19.602160000
601,-178.835600,658.304700,-148.443700,-161.191100,679.181600,-155.563400,-144.536700,673.563800,-164.939000,19.920620000
602,-177.644700,658.169400,-149.174800,-160.006900,678.967000,-156.286300,-143.404400,673.881000,-166.123400,19.956900000
603,-176.611600,658.526400,-149.934200,-158.956200,679.250900,-157.052600,-141.899600,673.733500,-166.691900,20.354070000
604,-175.424600,658.255100,-150.624800,-157.782700,678.901900,-157.731100,-140.891800,673.793200,-167.920400,20.377050000
605,-174.213200,658.192600,-151.252900,-156.574600,678.762100,-158.353100,-139.644100,673.583800,-168.962800,20.640290000
606,-173.215800,658.531700,-152.111600,-155.560300,679.026900,-159.218200,-138.427300,673.792300,-170.047800,20.933720000
607,-172.066800,658.640400,-152.870100,-154.406100,679.057100,-159.975800,-137.339800,673.619600,-170.687000,20.869930000
608,-170.988400,658.626300,-153.646300,-153.328300,678.967800,-160.747800,-136.561100,673.882300,-171.667300,20.645470000
609,-169.841000,658.456200,-154.431400,-152.189100,678.719100,-161.523900,-136.836100,674.627300,-172.234600,19.161830000
610,-168.754700,658.537900,-155.297100,-151.098600,678.722300,-162.388100,-135.540400,673.657300,-171.772100,18.861880000
611,-167.597900,658.482400,-156.090000,-149.944400,678.587300,-163.175300,-134.965000,673.973800,-172.970100,18.482580000
612,-166.660400,658.817300,-156.891000,-148.990300,678.852400,-163.982700,-133.769500,673.750900,-173.632900,18.730280000
613,-165.566700,658.687800,-157.748200,-147.902600,678.644700,-164.832300,-132.756200,674.038500,-174.945300,18.785800000
614,-164.301600,658.600700,-158.302700,-146.642300,678.479900,-165.379900,-131.513800,673.312800,-175.704500,19.030670000
615,-163.209400,658.775200,-159.118600,-145.541400,678.577000,-166.197000,-130.516100,673.726000,-176.597500,18.906650000
616,-162.095400,658.579300,-159.896900,-144.436900,678.304300,-166.965600,-129.170300,674.032200,-177.476700,19.021210000
617,-161.040900,658.568800,-160.771500,-143.382500,678.216700,-167.836100,-128.083700,674.090500,-178.668200,19.194160000
618,-160.005700,658.606900,-161.709700,-142.345000,678.176800,-168.771700,-126.670300,674.201600,-179.515200,19.414510000
619,-158.908700,658.617100,-162.585000,-141.247300,678.107800,-169.643400,-126.113200,674.662700,-180.719500,19.068080000
620,-157.843100,658.782800,-163.327800,-140.173600,678.199600,-170.387300,-125.832500,675.388300,-181.531700,18.378530000
621,-157.179500,658.804900,-163.795800,-139.508900,678.175600,-170.853600,-124.647500,674.233300,-181.840500,18.897410000
622,-156.067400,658.540100,-164.609800,-138.409500,677.833100,-171.655900,-124.190100,674.119600,-182.884000,18.494650000
623,-155.042100,658.676000,-165.461200,-137.377300,677.893900,-172.507600,-122.997500,673.947100,-183.616100,18.594470000
624,-154.059500,658.802400,-166.222300,-136.388300,677.950000,-173.268900,-121.512200,673.481400,-184.043500,18.903920000
625,-153.001900,658.875900,-167.090900,-135.326800,677.946300,-174.135800,-120.452000,673.669800,-184.909500,18.857890000
626,-151.911900,658.903700,-167.942200,-134.235300,677.895900,-174.984100,-121.104700,674.896100,-185.860200,17.311850000
627,-150.822300,658.926300,-168.790900,-133.144300,677.840500,-175.829600,-119.772500,674.464200,-186.116900,17.205560000
628,-149.713100,659.023500,-169.631800,-132.030200,677.858900,-176.669300,-118.839100,673.964700,-187.009200,17.207050000
629,-148.599300,659.057600,-170.463000,-130.914600,677.814300,-177.497600,-118.800600,674.707300,-187.557900,16.050270000
630,-147.487600,659.049300,-171.297600,-129.803000,677.727400,-178.328000,-117.445800,674.107700,-187.775800,15.970690000
631,-146.490800,659.182000,-172.265000,-128.799300,677.782900,-179.295600,-116.373000,674.012000,-188.949600,16.181180000
632,-145.429300,659.209100,-173.148700,-127.736100,677.732300,-180.176400,-116.358600,674.533800,-190.293600,15.557580000
633,-144.366800,659.160300,-174.059100,-126.675600,677.605000,-181.081500,-115.129500,674.660300,-191.324600,15.713200000
634,-143.270500,659.134600,-174.927500,-125.580300,677.500500,-181.945300,-113.787900,674.159200,-192.207300,15.985470000
635,-142.274100,659.285200,-175.871400,-124.576100,677.574600,-182.890000,-113.332400,675.013100,-193.050900,15.369750000
636,-141.329400,659.417000,-176.714100,-123.624600,677.635400,-183.733000,-112.123700,674.984600,-194.093600,15.704670000
637,-140.318600,658.956400,-177.572600,-122.635900,677.101200,-184.574400,-110.793500,674.418600,-194.728700,15.828660000
638,-139.829700,659.072700,-177.668900,-122.141700,677.190700,-184.672500,-110.504200,674.612200,-195.779600,16.292610000
639,-138.949700,659.049400,-178.513100,-121.262300,677.099800,-185.512900,-109.143500,674.179600,-196.656500,16.720520000
640,-137.988600,659.309300,-179.369700,-120.288200,677.287200,-186.373600,-107.928800,674.368100,-197.742400,17.044820000
641,-137.059200,659.286600,-180.299500,-119.359400,677.192000,-187.299300,-107.028900,674.340200,-199.034100,17.259180000
642,-135.898000,659.442000,-180.959400,-118.190800,677.271200,-187.959700,-105.908700,674.249400,-200.160800,17.574030000
643,-134.898500,659.277300,-181.931500,-117.198700,677.029600,-188.923300,-105.049200,674.643900,-200.860100,17.198550000
644,-133.850300,659.242100,-182.736300,-116.152100,676.919700,-189.723400,-103.998300,674.693500,-201.572400,17.119310000
645,-132.931200,659.382000,-183.666400,-115.225500,676.987400,-190.654200,-103.188000,674.217700,-202.791800,17.317450000
646,-132.151100,659.573200,-184.643100,-114.435300,677.111600,-191.633600,-102.215900,674.424900,-203.934000,17.545130000
647,-131.024000,659.308800,-185.433500,-113.321100,676.769500,-192.412300,-101.237500,674.623200,-204.960200,17.551930000
648,-130.079200,659.399800,-186.433300,-112.371100,676.785000,-193.411200,-100.677700,674.688400,-206.123600,17.399350000
649,-129.192200,659.498200,-187.440100,-111.478600,676.810400,-194.417600,-99.665330,674.465600,-207.302600,17.637310000
650,-128.065000,659.522800,-188.259600,-110.350100,676.756100,-195.233900,-98.343900,674.583000,-207.856900,17.555960000
651,-127.122900,659.544600,-189.286400,-109.406100,676.701800,-196.257800,-97.593350,674.696400,-209.038900,17.519170000
652,-126.150100,659.436700,-190.281100,-108.438000,676.517500,-197.245700,-96.276430,673.744700,-209.206100,17.281290000
653,-125.129600,659.488600,-191.212700,-107.414500,676.492200,-198.175200,-95.513470,673.702900,-210.157000,17.116620000
654,-124.177100,659.549200,-191.905000,-106.458900,676.486000,-198.865900,-95.954120,674.815600,-211.129600,16.233890000
655,-123.057200,659.683900,-192.564000,-105.332600,676.546600,-199.524900,-94.699420,674.198000,-211.956100,16.526170000
656,-122.428500,659.940600,-193.674700,-104.690100,676.739600,-200.640600,-93.960320,674.726200,-213.120900,16.581310000
657,-121.522400,659.792300,-194.687300,-103.790500,676.517700,-201.645500,-93.107730,674.931400,-214.372000,16.691350000
658,-120.688700,659.956800,-195.519200,-102.948300,676.617000,-202.479200,-91.890910,674.189400,-215.068800,16.930970000
659,-119.790300,659.729100,-196.537700,-102.060300,676.316000,-203.487700,-91.882770,675.277200,-215.737300,15.959750000
660,-118.736200,659.618900,-197.452700,-101.011100,676.127700,-204.395700,-90.967840,675.340600,-216.725900,15.922370000
661,-117.712200,659.679600,-198.358200,-99.983740,676.111900,-205.299300,-90.229320,674.893200,-217.799700,15.902640000
662,-116.702400,659.488900,-199.273800,-98.982860,675.845400,-206.205600,-89.225100,675.025800,-218.793600,15.948110000
663,-115.747500,659.548200,-200.265800,-98.024410,675.828900,-207.195800,-88.262970,674.912000,-219.580900,15.796090000
664,-115.132100,659.457400,-201.126900,-97.412620,675.683000,-208.051900,-87.659490,675.072800,-220.865500,16.114730000
665,-115.493700,659.991400,-200.519200,-97.748870,676.251600,-207.461300,-86.834300,675.065400,-221.852200,18.100650000
666,-114.539600,660.022500,-201.507000,-96.792570,676.207200,-208.446500,-85.792680,675.044800,-223.036500,18.308920000
667,-113.523100,659.821600,-202.444600,-95.785390,675.929600,-209.374500,-84.784130,675.030300,-224.184400,18.470730000
668,-112.593600,659.802400,-203.483500,-94.856130,675.834700,-210.409400,-83.880420,674.958600,-225.076700,18.340200000
669,-111.527200,659.888100,-204.373500,-93.785180,675.842100,-211.298100,-83.262310,675.292100,-225.899000,18.006130000
670,-110.536100,659.893100,-205.360200,-92.793300,675.769800,-212.281400,-83.911600,676.518600,-226.694100,16.946140000
671,-109.553900,660.055500,-206.343100,-91.802540,675.855300,-213.265400,-82.956450,675.645100,-226.970900,16.313770000
672,-109.323900,659.939500,-207.257300,-91.576810,675.701500,-214.175100,-81.986940,674.773400,-227.914200,16.780690000
673,-108.296400,659.878000,-208.202300,-90.551880,675.562300,-215.114500,-81.609530,674.909700,-228.582600,16.179620000
674,-107.450400,660.004900,-209.067300,-89.699160,675.622300,-215.980100,-82.300450,676.053500,-229.326000,15.265600000
675,-106.593500,660.093100,-210.097400,-88.837060,675.638400,-217.009600,-81.256560,675.285600,-229.450400,14.572720000
676,-105.731400,660.100000,-211.182200,-87.973720,675.571400,-218.091400,-80.119400,674.736900,-229.708000,14.047520000
677,-104.802300,660.142800,-212.230500,-87.041800,675.538100,-219.137500,-80.225070,675.692300,-230.548600,13.293060000
678,-103.760800,660.058200,-213.164600,-86.003920,675.375500,-220.065200,-79.303790,674.772100,-231.554100,13.313510000
679,-102.746800,660.131400,-214.109200,-84.985890,675.371500,-221.008400,-78.882390,675.296800,-232.394000,12.918570000
680,-101.956500,660.197400,-215.168800,-84.191450,675.367900,-222.066800,-78.106440,675.261800,-233.486800,12.940360000
681,-101.122400,660.359300,-216.265900,-83.348470,675.456600,-223.165500,-76.806250,675.004900,-234.389800,12.999630000
682,-100.295200,660.305800,-217.386900,-82.522840,675.330000,-224.281800,-76.163160,675.183200,-234.848400,12.333640000
683,-99.341520,660.168300,-218.394400,-81.575160,675.116600,-225.281800,-76.028100,675.929600,-235.398800,11.566530000
684,-98.359210,659.998600,-219.380600,-80.600530,674.870400,-226.259400,-75.280170,675.112200,-236.521000,11.561320000
685,-98.675580,660.609200,-218.944300,-80.887540,675.508200,-225.842200,-74.657130,675.200700,-237.432500,13.162340000
686,-97.872900,660.301600,-220.009900,-80.098900,675.130800,-226.895800,-73.853700,674.930800,-238.282700,12.988600000
687,-97.017630,660.089900,-221.054200,-79.253080,674.847000,-227.930700,-73.395350,675.420700,-239.264000,12.770490000
688,-96.318430,660.376200,-222.060500,-78.538960,675.069200,-228.942600,-72.517700,675.149100,-240.170900,12.741170000
689,-95.405640,660.402500,-223.109300,-77.624080,675.020300,-229.988800,-71.916860,675.580300,-241.217800,12.608630000
690,-94.639470,660.457200,-224.274600,-76.854060,675.003400,-231.152800,-70.833880,675.357200,-242.320500,12.692010000
691,-93.746410,660.359900,-225.320400,-75.964940,674.832000,-232.192300,-70.423950,675.812900,-243.662400,12.776070000
692,-93.032180,660.572000,-226.109900,-75.239790,674.985800,-232.985400,-69.340530,675.646800,-244.792300,13.215200000
693,-91.999480,660.571000,-227.047300,-74.206690,674.907000,-233.919000,-69.477390,676.176700,-245.373000,12.456830000
694,-91.283350,660.690400,-228.231800,-73.483470,674.956400,-235.104200,-68.310390,675.450800,-246.118300,12.178520000
695,-90.512290,660.698400,-229.367000,-72.710880,674.893600,-236.236700,-67.180000,674.428500,-246.706300,11.849920000
696,-89.527050,660.710500,-230.363600,-71.724430,674.828400,-237.230100,-67.931110,675.750300,-247.176800,10.685370000
697,-88.734440,660.702400,-231.509900,-70.931110,674.748000,-238.373000,-67.859730,676.103300,-247.624900,9.842146000
698,-88.009860,660.765200,-232.661800,-70.202270,674.741600,-239.524000,-66.597990,675.322600,-248.167100,9.382588000
699,-87.132630,660.721400,-233.747800,-69.326260,674.623300,-240.605400,-66.859920,675.939400,-249.118900,8.960707000
700,-86.355930,660.986800,-234.868800,-68.535530,674.817400,-241.731100,-66.103150,676.394700,-249.874800,8.644328000
701,-85.583110,661.116000,-235.771800,-67.755710,674.882300,-242.635000,-65.281140,675.476600,-250.593400,8.355344000
702,-84.727720,661.068200,-236.869200,-66.901700,674.760700,-243.727700,-65.166760,676.233500,-251.627200,8.220732000
703,-83.761070,660.946200,-237.862100,-65.940370,674.562700,-244.713500,-64.147960,675.801100,-252.767600,8.343556000
704,-82.976260,660.817000,-238.959100,-65.160820,674.363300,-245.803800,-63.516880,675.940700,-253.773600,8.289114000
705,-82.325640,661.039600,-239.962500,-64.498320,674.524200,-246.811100,-63.011240,675.933800,-254.866600,8.312014000
706,-81.585860,660.813400,-241.131400,-63.768350,674.228000,-247.970500,-62.138470,675.848800,-256.131700,8.478673000
707,-81.203830,661.113500,-241.460000,-63.371550,674.499400,-248.306500,-61.333180,675.757100,-257.338000,9.343684000
708,-80.388640,661.333400,-242.546600,-62.544660,674.647400,-249.396500,-60.205240,675.760200,-258.460100,9.426536000
709,-79.719660,661.183500,-243.725100,-61.881660,674.430500,-250.567900,-59.660520,676.056100,-259.923600,9.752142000
710,-78.956280,661.270900,-244.821400,-61.112960,674.448400,-251.663800,-58.978000,676.131900,-261.080800,9.801573000
711,-78.132990,661.195900,-245.879700,-60.292400,674.302400,-252.716900,-57.780590,675.871000,-262.036500,9.778850000
712,-77.468350,661.292300,-247.019100,-59.621810,674.332800,-253.856400,-57.383900,676.441500,-263.380000,10.007660000
713,-76.755580,661.150300,-248.200100,-58.914700,674.121600,-255.030500,-56.473130,675.880300,-264.608100,10.039140000
714,-75.886220,661.222200,-249.276700,-58.040930,674.119400,-256.105900,-56.160770,676.589700,-265.780700,10.160620000
715,-75.047780,661.134100,-250.389000,-57.205780,673.957900,-257.212400,-55.050900,676.244800,-266.701400,9.995773000
716,-74.494540,661.598000,-251.169500,-56.629200,674.371200,-258.004400,-54.361560,676.258800,-268.086700,10.505180000
717,-73.793400,661.454800,-252.184900,-55.934040,674.164300,-259.012900,-54.169740,676.959400,-269.507400,11.002690000
718,-73.112910,661.473400,-253.384000,-55.251290,674.114500,-260.209900,-53.255260,676.651500,-270.652100,10.929850000
719,-72.345730,661.501800,-254.522000,-54.481590,674.072000,-261.345600,-52.362180,676.330300,-271.950600,11.047890000
720,-71.525560,661.543800,-255.656800,-53.658320,674.040700,-262.478500,-51.594160,676.479400,-273.374200,11.354430000
721,-70.751080,661.498700,-256.800400,-52.884910,673.924400,-263.617800,-51.396630,676.537200,-274.570000,11.357550000
722,-70.012220,661.482900,-257.979500,-52.145580,673.838000,-264.793500,-51.196490,676.540000,-275.802900,11.375720000
723,-69.291910,661.530500,-259.164000,-51.421680,673.815600,-265.976700,-50.206940,676.698500,-276.645600,11.118140000
724,-68.560070,661.425600,-260.340600,-50.693710,673.640700,-267.147200,-49.418390,676.106800,-277.510600,10.728760000
725,-67.773770,661.496600,-261.450300,-49.902900,673.640600,-268.256100,-49.264840,676.300500,-279.047100,11.132340000
726,-66.947350,661.445100,-262.576700,-49.077940,673.515900,-269.377800,-48.360860,676.435100,-280.357700,11.383900000
727,-65.986850,661.493400,-263.513700,-48.114540,673.489900,-270.312700,-47.556750,676.288600,-281.687100,11.726990000
728,-65.575130,661.731200,-264.712500,-47.689580,673.671900,-271.516600,-46.175240,675.555100,-282.140400,10.895150000
729,-64.928620,661.762900,-265.912800,-47.040130,673.636900,-272.715200,-46.678020,676.560700,-283.202900,10.893610000
730,-64.145030,661.666000,-267.064700,-46.260130,673.468100,-273.861300,-46.088040,676.771500,-284.404500,11.049970000
731,-63.476120,661.844300,-268.235100,-45.581210,673.579200,-275.034200,-45.215580,676.439300,-285.473500,10.830200000
732,-62.892730,661.801300,-269.471600,-44.998400,673.471500,-276.267100,-44.789970,676.852500,-286.738100,11.005340000
733,-62.296610,661.770300,-270.711600,-44.402270,673.375100,-277.503600,-44.187580,676.763200,-288.211800,11.233440000
734,-61.686870,661.901900,-271.952600,-43.784620,673.440300,-278.746000,-43.518010,676.886900,-289.523100,11.317950000
735,-61.185990,662.069200,-273.201600,-43.273930,673.546200,-279.997800,-42.885990,676.775400,-291.015300,11.487600000
736,-60.673930,662.201200,-274.428100,-42.753830,673.617100,-281.225900,-41.856710,676.904700,-292.265500,11.553600000
737,-59.797420,662.200500,-275.493300,-41.876500,673.542400,-282.287800,-40.963090,676.626500,-293.216100,11.391820000
738,-58.957530,662.197600,-276.611200,-41.035740,673.465700,-283.402500,-41.005600,676.802900,-294.048600,11.156950000
739,-58.170240,662.166600,-277.769400,-40.248810,673.362400,-284.556700,-41.293710,677.584400,-295.082700,11.389160000
740,-57.530340,662.180200,-279.002000,-39.606800,673.308600,-285.787100,-40.070130,676.800300,-295.841200,10.653200000
741,-56.859920,662.108200,-280.211700,-38.938510,673.168600,-286.992000,-40.377920,678.201200,-295.935000,10.362300000
742,-56.253520,662.161700,-281.457600,-38.327990,673.155800,-288.237000,-40.476200,677.898300,-297.538300,10.659260000
743,-55.714180,662.239600,-282.745800,-37.783180,673.169600,-289.525200,-39.446770,676.886600,-297.600200,9.043767000
744,-54.990630,662.182700,-283.935000,-37.061130,673.042500,-290.709800,-38.990100,676.856100,-298.877800,9.218468000
745,-54.386670,662.401500,-285.098000,-36.445130,673.197400,-291.876700,-38.993030,677.658300,-299.242400,8.980249000
746,-54.008430,662.691200,-286.341200,-36.050990,673.431700,-293.126800,-38.496960,676.990600,-300.358300,8.422793000
747,-53.432510,662.677500,-287.619500,-35.474120,673.352400,-294.402200,-38.038130,676.881700,-301.741100,8.537603000
748,-52.664860,662.698400,-288.763300,-34.704310,673.302300,-295.543600,-37.416090,676.605700,-303.248700,8.811004000
749,-52.102390,662.675000,-290.041600,-34.141360,673.214000,-296.818900,-37.187210,677.384800,-303.887000,8.753919000
750,-51.406380,662.538000,-291.241700,-33.450700,673.008000,-298.012200,-37.299540,677.822700,-304.302700,8.807104000
751,-50.689980,662.132100,-292.377400,-32.752900,672.534600,-299.133300,-35.853930,677.442600,-305.076800,8.308433000
752,-50.260410,662.251000,-292.986000,-32.316940,672.614500,-299.743700,-36.886460,677.662600,-306.140800,9.342771000
753,-49.956350,662.538500,-293.653300,-31.998040,672.867100,-300.418100,-36.411220,677.689800,-306.875200,9.188440000
754,-49.503330,662.566700,-294.919300,-31.541910,672.835900,-301.682900,-35.100110,676.824500,-307.386700,7.816842000
755,-48.967910,662.650800,-296.196500,-31.000730,672.856300,-302.960200,-33.859170,675.773600,-307.821600,6.349358000
756,-48.415920,662.816500,-297.306800,-30.439320,672.962200,-304.073200,-34.962790,676.832600,-307.823900,7.036253000
757,-47.762570,662.644000,-298.521700,-29.792970,672.722600,-305.280400,-36.180680,677.994400,-307.805100,8.658454000
758,-47.061580,662.836900,-299.612900,-29.081460,672.848900,-306.374500,-35.701530,677.768900,-307.915400,8.390826000
759,-46.550410,663.042100,-300.683900,-28.558970,672.997400,-307.449300,-34.297890,676.885300,-308.161000,6.968311000
760,-46.202240,663.082400,-301.865400,-28.207120,672.986000,-308.630500,-34.306930,677.280300,-308.641600,7.459768000
761,-45.697490,662.977200,-303.156400,-27.705780,672.818500,-309.916100,-35.034690,678.134300,-309.527600,9.062079000
762,-45.273850,663.087100,-304.472000,-27.274930,672.868800,-311.233000,-34.044050,677.426900,-310.166400,8.230121000
763,-44.639050,663.250200,-305.601400,-26.630910,672.967600,-312.364700,-33.157920,676.822500,-310.565200,7.791042000
764,-44.214140,663.310600,-306.916400,-26.201190,672.968600,-313.679400,-33.822890,677.516800,-311.642500,9.106380000
765,-43.618070,663.284900,-308.183100,-25.604810,672.876600,-314.943000,-33.060730,677.063600,-313.044600,8.759311000
766,-43.031540,663.259600,-309.458000,-25.017920,672.785300,-316.214700,-32.873520,677.231300,-313.411500,9.451707000
767,-42.452990,663.269200,-310.733600,-24.437300,672.729400,-317.488100,-33.165090,677.648600,-313.355800,10.837410000
768,-41.929440,663.343500,-311.995000,-23.908490,672.741000,-318.749500,-31.750760,676.840800,-313.726800,10.175360000
769,-41.406240,663.215900,-313.269300,-23.389840,672.550600,-320.017900,-31.713010,677.052600,-314.495100,10.956460000
770,-40.832200,663.175400,-314.544900,-22.816160,672.444800,-321.289800,-33.099860,677.548600,-315.280000,12.958430000
771,-40.097260,663.143100,-315.731100,-22.081550,672.341800,-322.472200,-32.496800,677.385300,-315.705000,13.405550000
772,-39.740420,663.369500,-317.052400,-21.711720,672.511700,-323.798400,-30.953980,676.743400,-315.846500,12.905780000
773,-39.345470,663.329600,-318.388900,-21.316780,672.413300,-325.131900,-30.654170,676.713800,-316.335100,13.530130000
774,-38.885860,663.617400,-319.612200,-20.841500,672.642300,-326.361500,-31.925240,677.637100,-316.842500,15.440520000
775,-38.267360,663.549700,-320.869600,-20.224770,672.507700,-327.614500,-33.148960,678.554700,-317.147500,17.696260000
776,-37.659560,663.498800,-322.102000,-19.617970,672.391100,-328.842800,-31.700020,677.749100,-317.439300,17.456390000
777,-37.110680,663.555800,-323.330900,-19.064750,672.385200,-330.071200,-30.940990,677.151400,-318.237700,17.429670000
778,-36.758830,663.651100,-324.626100,-18.706350,672.425200,-331.367400,-31.936730,678.011800,-318.784600,19.094030000
779,-36.234660,663.324200,-325.865800,-18.196520,672.036700,-332.595300,-30.748140,677.606400,-319.674700,18.854880000
780,-35.824810,663.618700,-327.086700,-17.770600,672.275000,-333.823000,-29.690890,677.193500,-320.646800,18.436330000
781,-35.268900,663.715100,-328.342000,-17.208390,672.307300,-335.078800,-30.959770,678.005900,-321.033900,20.465460000
782,-34.853210,664.063200,-329.621400,-16.773930,672.596900,-336.366500,-29.621750,677.220800,-321.640200,20.082550000
783,-34.527340,664.050900,-330.952600,-16.446650,672.529700,-337.695700,-28.809880,676.787500,-322.694500,19.900130000
784,-34.164720,663.956000,-332.294700,-16.086690,672.377800,-339.033200,-28.958760,677.178800,-323.585900,20.672680000
785,-33.727720,664.076900,-333.503300,-15.642130,672.441800,-340.243500,-28.142070,677.207000,-324.979000,20.296860000
786,-33.347830,664.062000,-334.851600,-15.261000,672.368800,-341.589500,-28.217200,677.350800,-326.503100,20.500820000
787,-32.813870,664.070400,-336.149300,-14.724940,672.313000,-342.885200,-27.697550,677.485600,-327.569100,20.727440000
788,-32.277210,664.117300,-337.442700,-14.184310,672.295800,-344.177700,-26.756010,677.303300,-328.869100,20.432250000
789,-31.803520,664.115100,-338.754600,-13.708930,672.231900,-345.487400,-26.925890,677.821400,-330.040700,21.083860000
790,-31.464270,664.139600,-339.558600,-13.367450,672.216200,-346.290700,-25.673310,677.472500,-330.968100,20.343210000
791,-31.003080,663.976000,-340.678500,-12.912770,671.997500,-347.403800,-25.520150,677.604100,-331.934500,20.728710000
792,-30.819790,664.467400,-341.859700,-12.703620,672.444500,-348.598300,-26.019740,677.731900,-332.921900,21.237410000
793,-30.483210,664.563700,-343.135000,-12.360450,672.486700,-349.874700,-25.435120,677.768600,-333.729400,21.436380000
794,-30.135320,664.485000,-344.473700,-12.014410,672.351900,-351.209500,-24.990830,677.875100,-334.567000,21.814300000
795,-29.730700,664.328600,-345.757000,-11.615590,672.138300,-352.486300,-23.829830,677.154800,-335.388500,21.602980000
796,-29.411300,664.451200,-346.485700,-11.289290,672.223800,-353.217300,-24.506970,677.986600,-336.389800,22.160360000
797,-29.017010,664.421200,-347.709800,-10.894730,672.138700,-354.438700,-23.318260,677.264200,-337.156300,21.892800000
798,-28.567780,664.318700,-349.032700,-10.448650,671.975600,-355.756600,-23.680320,677.585300,-338.533800,22.431510000
799,-28.220400,664.297200,-350.370100,-10.100330,671.897900,-357.091600,-22.910100,677.623500,-339.706500,22.340840000
